TERM_ID,NAME,CITY,STATE,LATITUDE,LONGITUDE,TYPE,STATUS,COMMODITY,REFINED,GASOLINE,DISTILLATE,JETFUEL,AVGAS,CRUDE_OIL,CAPACITY,refined_capacity_weight_barrels,model_capacity
ANLTK02001,ALEUT ENTERPRISE CORPORATION (ADAK ISLAND),ADAK,AK,51.870788533,-176.64223488,MARINE TERMINAL,IN SERVICE,REFINED,YES,NO,NO,YES,NO,NO,100000.0,100000.0,2539.285714285714
ANLTK02002,ANCHORAGE FUELING AND SERVICE COMPANY OFF-AIRPORT FUEL FACILITY,ANCHORAGE,AK,61.234294,-149.885016,AIRPORT TERMINAL,IN SERVICE,REFINED,YES,NO,NO,YES,NO,NO,554400.0,554400.0,37816.91256241189
ANLTK02003,ANCHORAGE FUELING AND SERVICE COMPANY AIRPORT FUEL FACILITY,ANCHORAGE,AK,61.174949,-150.01127,AIRPORT TERMINAL,IN SERVICE,REFINED,YES,NO,NO,YES,NO,NO,905625.0,905625.0,61774.78614598533
ANLTK02004,CROWLEY FUELS LLC - ANCHORAGE BULK FUEL FACILITY,ANCHORAGE,AK,61.231168,-149.888211,BULK TERMINAL,IN SERVICE,"REFINED, CHEMICALS",YES,NO,NO,YES,NO,NO,1112164.0,1112164.0,75863.29138358992
ANLTK02005,TESORO LOGISTICS OPERATIONS LLC OCEAN DOCK PETROLEUM TERMINAL,ANCHORAGE,AK,61.230244,-149.893653,MARINE TERMINAL,IN SERVICE,"REFINED, ASPHALT, CHEMICALS",YES,YES,YES,YES,NO,NO,704770.0,704770.0,48073.999759399405
ANLTK02006,PETRO STAR INCORPORATED,ANCHORAGE,AK,61.233886,-149.889812,MARINE TERMINAL,IN SERVICE,"REFINED, CHEMICALS",YES,YES,YES,YES,YES,NO,220000.0,220000.0,15006.711334290434
ANLTK02007,TESORO LOGISTICS OPERATIONS LP,ANCHORAGE,AK,61.235505,-149.883706,BULK TERMINAL,IN SERVICE,"REFINED, CHEMICALS",YES,YES,NO,YES,YES,NO,634294.0,634294.0,43266.66799578371
ANLTK02008,CROWLEY PETROLEUM DISTRIBUTION,ANIAK,AK,61.582143,-159.536382,MARINE TERMINAL,IN SERVICE,REFINED,YES,YES,YES,YES,YES,NO,9956.0,9956.0,679.121900200889
ANLTK02009,CROWLEY FUELS LLC BETHEL TANK FARM,BETHEL,AK,60.784329,-161.781779,MARINE TERMINAL,IN SERVICE,REFINED,YES,YES,YES,YES,YES,NO,341857.0,341857.0,23318.86053002965
ANLTK02010,ALYESKA PIPELINE SERVICE COMPANY - STATION NO. 5,COLDFOOT,AK,66.812477,-150.662473,BREAKOUT TANKS - CRUDE,IN SERVICE,"CRUDE, REFINED",YES,NO,NO,NO,NO,YES,182262.0,0.0,0.0
ANLTK02011,SHORESIDE PETROLEUM INCORPORATED - CORDOVA TERMINAL,CORDOVA,AK,60.554789,-145.755336,MARINE TERMINAL,IN SERVICE,"REFINED, CHEMICALS",NO,YES,YES,YES,YES,NO,50000.0,50000.0,3410.616212338735
ANLTK02012,PETRO MARINE SERVICES,CRAIG,AK,55.488663,-133.141362,MARINE TERMINAL,IN SERVICE,"REFINED, CHEMICALS",YES,YES,YES,YES,YES,NO,50000.0,50000.0,3410.616212338735
ANLTK02013,ALYESKA PIPELINE SERVICE COMPANY - STATION NO. 9,DELTA JUNCTION,AK,63.931082,-145.768137,BREAKOUT TANKS - CRUDE,IN SERVICE,"CRUDE, REFINED",YES,NO,YES,NO,NO,YES,103623.0,0.0,0.0
ANLTK02014,BRISTOL ALLIANCE FUELS LLC,DILLINGHAM,AK,59.042150511,-158.482630296,MARINE TERMINAL,IN SERVICE,REFINED,NO,YES,YES,YES,YES,NO,70000.0,70000.0,4774.8626972742295
ANLTK02015,BRISTOL ALLIANCE FUELS LLC DOWNTOWN DILLINGHAM TERMINAL,DILLINGHAM,AK,59.039035004,-158.466140844,MARINE TERMINAL,IN SERVICE,REFINED,YES,YES,YES,YES,YES,NO,75000.0,75000.0,5115.924318508103
ANLTK02017,"DELTA WESTERN, INCORPORATED -DUTCH HARBOR",DUTCH HARBOR,AK,53.891049,-166.536304,MARINE TERMINAL,IN SERVICE,"REFINED, CHEMICALS",NO,YES,YES,YES,YES,NO,193127.86,193127.86,13173.700207405707
ANLTK02018,PETRO STAR INCORPORATED - NORTH PACIFIC FUEL BALLYHOO TANK FARM,DUTCH HARBOR,AK,53.902473,-166.529907,MARINE TERMINAL,IN SERVICE,REFINED,NO,YES,YES,YES,NO,NO,58224.0,58224.0,3971.59436694421
ANLTK02019,US DEPARTMENT OF THE AIR FORCE - EIELSON AIR FORCE BASE,EIELSON AFB,AK,64.658431,-147.05077,AIRPORT TERMINAL,IN SERVICE,REFINED,YES,NO,YES,YES,NO,NO,198378.16,198378.16,13531.835373398551
ANLTK02020,ANDEAVOR LOGISTICS LP,FAIRBANKS,AK,64.808369,-147.890657,AIRPORT TERMINAL,IN SERVICE,"REFINED, ASPHALT, CHEMICALS",YES,NO,YES,YES,NOT AVAILABLE,NO,60000.0,60000.0,4092.7394548064817
ANLTK02021,CROWLEY FUELS LLC FORT YUKON FACILITY,FT. YUKON,AK,66.570617,-145.276227,MARINE TERMINAL,IN SERVICE,"REFINED, CHEMICALS",NO,YES,YES,YES,NO,NO,16978.98,16978.98,1158.1756891395023
ANLTK02022,"CROWLEY MARINE SERVICES, INCORPORATED",GALENA,AK,64.733677,-156.938064,MARINE TERMINAL,IN SERVICE,CHEMICALS,NO,NO,NO,NO,YES,NO,58571.0,58571.0,1350.72793941115
ANLTK02023,ALYESKA PIPELINE SERVICE COMPANY - STATION NO. 7,GLEN ALLEN,AK,65.311309,-148.278903,BREAKOUT TANKS - CRUDE,IN SERVICE,REFINED,YES,NO,NO,NO,NO,NO,106341.0,0.0,0.0
ANLTK02024,DELTA WESTERN - LUTAK,HAINES,AK,59.280583,-135.468656,MARINE TERMINAL,IN SERVICE,REFINED,NO,NO,NO,NO,YES,NO,65000.0,65000.0,4433.801076040355
ANLTK02025,PETRO MARINE SERVICES,HOMER,AK,59.601831,-151.411369,MARINE TERMINAL,IN SERVICE,"REFINED, CHEMICALS",YES,YES,YES,YES,NO,NO,38290.0,38290.0,2611.849895409003
ANLTK02026,CROWLEY PETROLEUM DISTRIBUTION,HOOPER BAY,AK,61.533954,-166.100955,BULK TERMINAL,IN SERVICE,REFINED,YES,YES,YES,NO,YES,NO,9666.67,9666.67,659.3860284265696
ANLTK02027,"DELTA WESTERN, INCORPORATED - SITE 2 6092",JUNEAU,AK,58.288861,-134.391304,MARINE TERMINAL,IN SERVICE,"REFINED, CHEMICALS",YES,NO,YES,YES,NOT AVAILABLE,NO,100000.0,100000.0,6821.23242467747
ANLTK02028,PETRO MARINE SERVICES,JUNEAU,AK,58.299111,-134.436139,MARINE TERMINAL,IN SERVICE,"REFINED, CHEMICALS",YES,YES,YES,YES,YES,NO,47451.0,47451.0,3236.7429978337063
ANLTK02029,CROWLEY FUELS LLC,JUNEAU,AK,58.289737,-134.393403,MARINE TERMINAL,IN SERVICE,"REFINED, CHEMICALS",NO,YES,YES,YES,YES,NO,59162.0,59162.0,4035.577527087684
ANLTK02030,CROWLEY FUELS LLC KETCHIKAN FACILITY,KETCHIKAN,AK,55.337129,-131.63333,MARINE TERMINAL,IN SERVICE,REFINED,YES,YES,YES,YES,YES,NO,23553.83,23553.83,1606.6614892134094
ANLTK02031,CROWLEY FUELS LLC - TONGASS AVENUE MARINA,KETCHIKAN,AK,55.358328,-131.699551,MARINE TERMINAL,IN SERVICE,NOT AVAILABLE,NO,NO,NO,NO,NOT AVAILABLE,NO,47500.0,0.0,0.0
ANLTK02032,PETRO MARINE SERVICES - KETCHIKAN TERMINAL NO. 1,KETCHIKAN,AK,55.333956,-131.627709,MARINE TERMINAL,IN SERVICE,"REFINED, CHEMICALS",YES,YES,YES,YES,NO,NO,275343.0,275343.0,18781.785995079685
ANLTK02033,PETRO STAR INC (DBA NORTH PACIFIC FUEL) - KODIAK,KODIAK,AK,57.785031341,-152.424172784,MARINE TERMINAL,IN SERVICE,"REFINED, CHEMICALS",YES,YES,YES,NO,NO,NO,53313.0,53313.0,3636.603642568299
ANLTK02034,PETRO MARINE SERVICES,KODIAK,AK,57.788392,-152.401894,MARINE TERMINAL,IN SERVICE,"REFINED, CHEMICALS",YES,YES,YES,YES,YES,NO,46692.0,46692.0,3184.969843730404
ANLTK02035,CROWLEY MARINE SERVICES INCORPORATED,KOTZEBUE,AK,66.903476,-162.581425,MARINE TERMINAL,IN SERVICE,"REFINED, CHEMICALS",YES,YES,YES,YES,YES,NO,146000.0,146000.0,3732.14285721
ANLTK02036,RED DOG OPERATIONS,KOTZEBUE,AK,67.576969,-164.050232,MARINE TERMINAL,IN SERVICE,REFINED,YES,NO,YES,NO,NO,NO,348800.0,0.0,0.0
ANLTK02037,CONOCOPHILLIPS KUPARUK CENTRAL PROCESSING FACILITY (CPF) 2,KUPARUK,AK,70.289327,-149.884698,BREAKOUT TANKS - CRUDE,IN SERVICE,CRUDE,NO,NO,NO,NO,NO,YES,110000.0,0.0,0.0
ANLTK02038,CONOCOPHILLIPS KUPARUK CENTRAL PROCESSING FACILITY (CPF) 1,KUPARUK,AK,70.325136,-149.603226,REFINERY TERMINAL,IN SERVICE,CRUDE,NO,NO,NO,NO,NO,YES,110000.0,0.0,0.0
ANLTK02039,"CROWLEY MARINE SERVICES, INCORPORATED",MCGRATH,AK,62.959917146,-155.588409099,AIRPORT TERMINAL,IN SERVICE,CHEMICALS,NO,NO,NO,NO,NOT AVAILABLE,NO,38024.0,0.0,0.0
ANLTK02040,BRISTOL ALLIANCE FUELS LLC NAKNEK TERMINAL,NAKNEK,AK,58.727466,-157.011642,MARINE TERMINAL,IN SERVICE,"REFINED, CHEMICALS",YES,YES,YES,YES,YES,NO,37065.31,37065.31,2528.310944027221
ANLTK02041,"CROWLEY MARINE SERVICES, INCORPORATED",NENANA,AK,64.564862,-149.091295,MARINE TERMINAL,DISMANTLED,CHEMICALS,NO,NO,NO,NO,NOT AVAILABLE,NO,43809.0,0.0,0.0
ANLTK02042,ANDEAVOR LOGISTICS LP - KENAI REFINERY STORAGE FACILITY AND TRUCK TERMINAL,NIKISKI,AK,60.68343,-151.365406,REFINERY TERMINAL,IN SERVICE,"CRUDE, REFINED, CHEMICALS",YES,YES,YES,YES,NO,YES,3748962.0,218962.0,14935.906941722282
ANLTK02043,TESORO ALASKA COMPANY - KENAI PIPE LINE COMPANY,NIKISKI,AK,60.688268839,-151.386645793,MARINE TERMINAL - CRUDE,IN SERVICE,CRUDE,NO,NO,NO,NO,NO,YES,926923.0,0.0,0.0
ANLTK02044,NIKISKI FUEL LLC,NIKISKI,AK,60.739269,-151.309482,MARINE TERMINAL,IN SERVICE,"REFINED, CHEMICALS",YES,NO,YES,NO,NO,NO,40372.0,40372.0,2753.867954490788
ANLTK02045,BONANZA FUEL INCORPORATED,NOME,AK,64.503408,-165.436487,BULK TERMINAL,IN SERVICE,"REFINED, CHEMICALS",YES,YES,YES,YES,NO,NO,143161.0,143161.0,5131.274805965315
ANLTK02046,CITY OF NOME,NOME,AK,64.502722,-165.439724,MARINE TERMINAL,IN SERVICE,NOT AVAILABLE,NO,NO,NO,NO,NOT AVAILABLE,NO,76000.0,0.0,0.0
ANLTK02047,CROWLEY MARINE SERVICES INCORPORATED,NOME,AK,64.500988,-165.416994,MARINE TERMINAL,IN SERVICE,"REFINED, CHEMICALS",YES,YES,YES,YES,YES,NO,120000.0,120000.0,5131.274805965315
ANLTK02048,CROWLEY MARINE SERVICES INCORPORATED,NOME,AK,64.502801,-165.438075,MARINE TERMINAL,IN SERVICE,"REFINED, CHEMICALS",YES,YES,YES,YES,NOT AVAILABLE,NO,152000.0,152000.0,5131.274805965315
ANLTK02049,FLINT HILLS RESOURCES L.P. - NORTH POLE TERMINAL,NORTH POLE,AK,64.737916,-147.349072,BULK TERMINAL,IN SERVICE,"REFINED, CHEMICALS",YES,YES,YES,YES,NO,NO,395334.0,395334.0,26966.650993774427
ANLTK02050,PETRO STAR INCORPORATED,NORTH POLE,AK,64.733525,-147.347781,REFINERY TERMINAL,IN SERVICE,"CRUDE, REFINED, ASPHALT",YES,NO,YES,YES,NO,YES,110069.0,110069.0,7508.062317518244
ANLTK02051,PETRO MARINE SERVICES,PETERSBURG,AK,56.807412,-132.97191,MARINE TERMINAL,IN SERVICE,"REFINED, CHEMICALS",YES,YES,YES,YES,YES,NO,25857.0,25857.0,1763.7660680488532
ANLTK02052,ALYESKA PIPELINE SERVICE COMPANY - STATION NO. 1,PRUDHOE BAY,AK,70.257353,-148.618816,BREAKOUT TANKS - CRUDE,IN SERVICE,CRUDE,NO,NO,NO,NO,NO,YES,420000.0,0.0,0.0
ANLTK02053,ALYESKA PIPELINE SERVICE COMPANY - STATION NO. 3,PRUDHOE BAY,AK,68.841871,-148.831671,BREAKOUT TANKS - CRUDE,IN SERVICE,CRUDE,NO,NO,NO,NO,NO,YES,81203.0,0.0,0.0
ANLTK02054,BP EXPLORATION ALASKA - REFINERY,PRUDHOE BAY,AK,70.254409,-148.350037,REFINERY TERMINAL,IN SERVICE,"CRUDE, REFINED",YES,NO,YES,NO,NO,YES,38350.0,38350.0,13085.211
ANLTK02056,CROWLEY FUELS LLC - ST. MARY'S BULK FUEL STORAGE FACILITY,SAINT MARYS,AK,62.04873,-163.188225,BULK TERMINAL,IN SERVICE,"REFINED, CHEMICALS",YES,YES,YES,YES,YES,NO,12079.0,12079.0,823.9366645767916
ANLTK02057,"CROWLEY MARINE SERVICES, INCORPORATED",SAINT MICHAEL,AK,63.484225,-162.007373,BULK TERMINAL,NOT IN USE,CHEMICALS,NO,NO,NO,NO,NOT AVAILABLE,NO,70714.0,0.0,0.0
ANLTK02058,SELDOVIA FUEL & LUBE,SELDOVIA,AK,59.440258,-151.716246,MARINE TERMINAL,IN SERVICE,CHEMICALS,NO,NO,NO,NO,NOT AVAILABLE,NO,40000.0,0.0,0.0
ANLTK02059,PETRO MARINE SERVICES NO. 2 (NORTH PLANT),SITKA,AK,57.055444,-135.348926,MARINE TERMINAL,IN SERVICE,REFINED,NO,YES,YES,YES,NO,NO,20316.0,20316.0,1385.8015793974746
ANLTK02060,PETRO MARINE SERVICES NO. 1 (SOUTH PLANT),SITKA,AK,57.048614,-135.340068,MARINE TERMINAL,IN SERVICE,"REFINED, CHEMICALS",YES,YES,YES,YES,YES,NO,20768.0,20768.0,1416.6335499570168
ANLTK02061,PETRO MARINE SERVICES,SKAGWAY,AK,59.452964,-135.326741,MARINE TERMINAL,IN SERVICE,"REFINED, CHEMICALS",YES,YES,YES,NO,NO,NO,115000.0,115000.0,7844.417288379091
ANLTK02062,DELTA WESTERN,ST. GEORGE,AK,56.572401435,-169.671151,MARINE TERMINAL,IN SERVICE,"REFINED, CHEMICALS",YES,YES,YES,YES,NO,NO,100000.0,100000.0,994.9248120300751
ANLTK02063,ST. PAUL FUEL LLC BULK FUEL FACILITY - MAIN TANK FARM,ST. PAUL ISLAND,AK,57.123117,-170.283283,MARINE TERMINAL,IN SERVICE,REFINED,YES,NO,YES,NO,NO,NO,23809.52,23809.52,6132.894736842105
ANLTK02065,"OFFSHORE SYSTEMS, INCORPORATED (ALEUTIAN FUEL SERVICES)",UNALASKA,AK,53.846057,-166.578366,MARINE TERMINAL,IN SERVICE,"REFINED, CHEMICALS",YES,NO,YES,NO,NO,NO,114070.0,114070.0,7780.97982682959
ANLTK02066,PETRO STAR INCORPORATED - NORTH PACIFIC FUEL WESTWARD SEAFOODS TERMINAL,UNALASKA,AK,53.858077,-166.551321,MARINE TERMINAL,IN SERVICE,REFINED,YES,NO,YES,NO,NO,NO,24378.0,24378.0,1662.8800404878734
ANLTK02067,PETRO STAR INCORPORATED - NORTH PACIFIC FUEL CAPTAINS BAY TANK FARM,UNALASKA,AK,53.851502,-166.569284,MARINE TERMINAL,IN SERVICE,REFINED,YES,NO,YES,NO,NO,NO,60000.0,60000.0,4092.7394548064817
ANLTK02068,PETRO STAR INCORPORATED - NORTH PACIFIC FUEL RESOFF TANK FARM,UNALASKA,AK,53.912726,-166.508531,MARINE TERMINAL,IN SERVICE,"REFINED, CHEMICALS",YES,NO,NO,NO,NOT AVAILABLE,NO,63359.0,63359.0,4321.864651951399
ANLTK02069,ALYESKA PIPELINE SERVICE COMPANY,VALDEZ,AK,61.083173,-146.380966,MARINE TERMINAL - CRUDE,IN SERVICE,"CRUDE, REFINED",YES,YES,YES,NO,NO,YES,9978463.43,0.0,0.0
ANLTK02070,PETRO STAR INCORPORATED,VALDEZ,AK,61.129042,-146.363821,MARINE TERMINAL,IN SERVICE,REFINED,YES,YES,YES,YES,NO,NO,275000.0,254790.0,17379.818094835726
ANLTK02071,"DELTA WESTERN, INCORPORATED - SITE 6",WRANGELL,AK,56.463924,-132.384131,MARINE TERMINAL,NOT IN USE,CHEMICALS,NO,NO,NO,NO,NOT AVAILABLE,NO,10700.0,0.0,0.0
ANLTK02072,PETRO 49 INC - WRANGELL,WRANGELL,AK,56.464205,-132.38429,MARINE TERMINAL,IN SERVICE,REFINED,YES,NO,NO,YES,YES,NO,5950.0,5950.0,405.8633292683094
ANLTK02073,SHORESIDE PETROLEUM INCORPORATED - SEWARD TERMINAL,SEWARD,AK,60.122352289,-149.433533946,MARINE TERMINAL,IN SERVICE,REFINED,YES,YES,YES,YES,NO,NO,3530.19,3530.19,240.8024649327216
ANLTK02074,FROSTY FUELS COLD BAY,COLD BAY,AK,55.201454078,-162.715812845,BULK TERMINAL,IN SERVICE,REFINED,YES,YES,YES,YES,YES,NO,12750.0,12750.0,869.7071341463774
ANLTK02077,DELTA WESTERN INCORPORATED - YAKUTAT BULK PLANT,YAKUTAT,AK,59.544819,-139.733009,BULK TERMINAL,IN SERVICE,REFINED,YES,YES,YES,YES,YES,NO,24645.0,24645.0,1681.0927310617624
ANLTK02078,JUNEAU AIRPORT FUELING FACILITY,JUNEAU,AK,58.36224,-134.488824,AIRPORT,IN SERVICE,REFINED,YES,NO,NO,YES,YES,NO,4119.0,4119.0,280.96656357246496
