arc_id,arc_stage,origin_id,origin_name,origin_type,origin_latitude,origin_longitude,destination_id,destination_name,destination_type,destination_latitude,destination_longitude,flow_barrels,distance_km,unit_cost,arc_cost_barrel_km,geometry_wkt
RD_R_KENAI_ANLTK02003,R-D,R_KENAI,Kenai Refinery,R,60.68416700,-151.36722200,ANLTK02003,ANCHORAGE FUELING AND SERVICE COMPANY AIRPORT FUEL FACILITY,D,61.17494900,-150.01127000,61774.78614600,91.63349375,91.63349375,5660639.48001365,"LINESTRING (-151.36722200 60.68416700, -150.69446122 60.93126858, -150.01127000 61.17494900)"
RD_R_KENAI_ANLTK02004,R-D,R_KENAI,Kenai Refinery,R,60.68416700,-151.36722200,ANLTK02004,CROWLEY FUELS LLC - ANCHORAGE BULK FUEL FACILITY,D,61.23116800,-149.88821100,8565.93841891,100.67484668,100.67484668,862374.53702816,"LINESTRING (-151.36722200 60.68416700, -150.87985207 60.86830312, -150.38686542 61.05064811, -149.88821100 61.23116800)"
RD_R_KENAI_ANLTK02005,R-D,R_KENAI,Kenai Refinery,R,60.68416700,-151.36722200,ANLTK02005,TESORO LOGISTICS OPERATIONS LLC OCEAN DOCK PETROLEUM TERMINAL,D,61.23024400,-149.89365300,38637.08591939,100.37884283,100.37884283,3878345.97496950,"LINESTRING (-151.36722200 60.68416700, -150.88163573 60.86798193, -150.39046303 61.05001882, -149.89365300 61.23024400)"
RD_R_KENAI_ANLTK02042,R-D,R_KENAI,Kenai Refinery,R,60.68416700,-151.36722200,ANLTK02042,ANDEAVOR LOGISTICS LP - KENAI REFINERY STORAGE FACILITY AND TRUCK TERMINAL,D,60.68343000,-151.36540600,14935.90694170,0.12880626,0.12880626,1923.83837261,"LINESTRING (-151.36722200 60.68416700, -151.36540600 60.68343000)"
RD_R_PETROSTAR_NORTH_POLE_ANLTK02019,R-D,R_PETROSTAR_NORTH_POLE,Petro Star North Pole Refinery,R,64.73266700,-147.34530400,ANLTK02019,US DEPARTMENT OF THE AIR FORCE - EIELSON AIR FORCE BASE,D,64.65843100,-147.05077000,6316.96122645,16.30883151,16.30883151,103022.25626756,"LINESTRING (-147.34530400 64.73266700, -147.05077000 64.65843100)"
RD_R_PETROSTAR_NORTH_POLE_ANLTK02020,R-D,R_PETROSTAR_NORTH_POLE,Petro Star North Pole Refinery,R,64.73266700,-147.34530400,ANLTK02020,ANDEAVOR LOGISTICS LP,D,64.80836900,-147.89065700,4092.73945481,27.28582980,27.28582980,111673.79219545,"LINESTRING (-147.34530400 64.73266700, -147.89065700 64.80836900)"
RD_R_PETROSTAR_NORTH_POLE_ANLTK02021,R-D,R_PETROSTAR_NORTH_POLE,Petro Star North Pole Refinery,R,64.73266700,-147.34530400,ANLTK02021,CROWLEY FUELS LLC FORT YUKON FACILITY,D,66.57061700,-145.27622700,672.09976702,225.95023358,225.95023358,151861.09934616,"LINESTRING (-147.34530400 64.73266700, -146.95444639 65.10248824, -146.55259367 65.47124303, -146.13927462 65.83888362, -145.71399319 66.20535946, -145.27622700 66.57061700)"
RD_R_PETROSTAR_NORTH_POLE_ANLTK02049,R-D,R_PETROSTAR_NORTH_POLE,Petro Star North Pole Refinery,R,64.73266700,-147.34530400,ANLTK02049,FLINT HILLS RESOURCES L.P. - NORTH POLE TERMINAL,D,64.73791600,-147.34907200,26966.65099380,0.61211834,0.61211834,16506.78152575,"LINESTRING (-147.34530400 64.73266700, -147.34907200 64.73791600)"
RD_R_PETROSTAR_NORTH_POLE_ANLTK02050,R-D,R_PETROSTAR_NORTH_POLE,Petro Star North Pole Refinery,R,64.73266700,-147.34530400,ANLTK02050,PETRO STAR INCORPORATED,D,64.73352500,-147.34778100,7508.06231752,0.15191660,0.15191660,1140.59932513,"LINESTRING (-147.34530400 64.73266700, -147.34778100 64.73352500)"
RD_R_PETROSTAR_VALDEZ_ANLTK02002,R-D,R_PETROSTAR_VALDEZ,Petro Star Valdez Refinery,R,61.08472200,-146.25305600,ANLTK02002,ANCHORAGE FUELING AND SERVICE COMPANY OFF-AIRPORT FUEL FACILITY,D,61.23429400,-149.88501600,34935.95223213,196.21344678,196.21344678,6854903.60404828,"LINESTRING (-146.25305600 61.08472200, -147.15765151 61.13123766, -148.06473689 61.17168798, -148.97397318 61.20604737, -149.88501600 61.23429400)"
RD_R_PETROSTAR_VALDEZ_ANLTK02004,R-D,R_PETROSTAR_VALDEZ,Petro Star Valdez Refinery,R,61.08472200,-146.25305600,ANLTK02004,CROWLEY FUELS LLC - ANCHORAGE BULK FUEL FACILITY,D,61.23116800,-149.88821100,6705.64697849,196.36517876,196.36517876,1316755.56765694,"LINESTRING (-146.25305600 61.08472200, -147.15851444 61.13047277, -148.06642081 61.17014683, -148.97643486 61.20371903, -149.88821100 61.23116800)"
RD_R_PETROSTAR_VALDEZ_ANLTK02011,R-D,R_PETROSTAR_VALDEZ,Petro Star Valdez Refinery,R,61.08472200,-146.25305600,ANLTK02011,SHORESIDE PETROLEUM INCORPORATED - CORDOVA TERMINAL,D,60.55478900,-145.75533600,3410.61621234,64.96253138,64.96253138,221562.26273140,"LINESTRING (-146.25305600 61.08472200, -146.00213837 60.81999118, -145.75533600 60.55478900)"
RD_R_PETROSTAR_VALDEZ_ANLTK02019,R-D,R_PETROSTAR_VALDEZ,Petro Star Valdez Refinery,R,61.08472200,-146.25305600,ANLTK02019,US DEPARTMENT OF THE AIR FORCE - EIELSON AIR FORCE BASE,D,64.65843100,-147.05077000,7214.87414695,400.37890677,400.37890677,2888683.42343050,"LINESTRING (-146.25305600 61.08472200, -146.33257700 61.48210322, -146.41415096 61.87941354, -146.49786629 62.27665112, -146.58381652 62.67381402, -146.67210060 63.07090017, -146.76282339 63.46790736, -146.85609603 63.86483326, -146.95203648 64.26167536, -147.05077000 64.65843100)"
RD_R_PETROSTAR_VALDEZ_ANLTK02024,R-D,R_PETROSTAR_VALDEZ,Petro Star Valdez Refinery,R,61.08472200,-146.25305600,ANLTK02024,DELTA WESTERN - LUTAK,D,59.28058300,-135.46865600,4139.94533668,630.43663690,630.43663690,2609973.21499021,"LINESTRING (-146.25305600 61.08472200, -145.38335372 60.97786650, -144.51962054 60.86543804, -143.66208536 60.74750092, -142.81096407 60.62412151, -141.96645951 60.49536812, -141.12876140 60.36131083, -140.29804632 60.22202131, -139.47447776 60.07757270, -138.65820626 59.92803936, -137.84936949 59.77349684, -137.04809248 59.61402162, -136.25448785 59.44969101, -135.46865600 59.28058300)"
RD_R_PETROSTAR_VALDEZ_ANLTK02027,R-D,R_PETROSTAR_VALDEZ,Petro Star Valdez Refinery,R,61.08472200,-146.25305600,ANLTK02027,"DELTA WESTERN, INCORPORATED - SITE 2 6092",D,58.28886100,-134.39130400,2523.60598228,735.77518007,735.77518007,1856806.64605204,"LINESTRING (-146.25305600 61.08472200, -145.40179500 60.93300397, -144.55873412 60.77595466, -143.72401740 60.61365955, -142.89777379 60.44620508, -142.08011753 60.27367844, -141.27114851 60.09616745, -140.47095268 59.91376036, -139.67960248 59.72654569, -138.89715733 59.53461210, -138.12366409 59.33804824, -137.35915760 59.13694263, -136.60366118 58.93138350, -135.85718716 58.72145872, -135.11973744 58.50725563, -134.39130400 58.28886100)"
RD_R_PETROSTAR_VALDEZ_ANLTK02028,R-D,R_PETROSTAR_VALDEZ,Petro Star Valdez Refinery,R,61.08472200,-146.25305600,ANLTK02028,PETRO MARINE SERVICES,D,58.29911100,-134.43613900,3236.74299783,732.92735903,732.92735903,2372297.49725059,"LINESTRING (-146.25305600 61.08472200, -145.40521551 60.93341790, -144.56551943 60.77682516, -143.73410977 60.61502836, -142.91111370 60.44811298, -142.09664391 60.27616526, -141.29079895 60.09927204, -140.49366363 59.91752058, -139.70530948 59.73099842, -138.92579517 59.53979324, -138.15516704 59.34399269, -137.39345953 59.14368429, -136.64069578 58.93895530, -135.89688808 58.72989259, -135.16203841 58.51658256, -134.43613900 58.29911100)"
RD_R_PETROSTAR_VALDEZ_ANLTK02029,R-D,R_PETROSTAR_VALDEZ,Petro Star Valdez Refinery,R,61.08472200,-146.25305600,ANLTK02029,CROWLEY FUELS LLC,D,58.28973700,-134.39340300,1325.01338559,735.61975645,735.61975645,974706.02399751,"LINESTRING (-146.25305600 61.08472200, -145.40196409 60.93304941, -144.55906823 60.77604765, -143.72451240 60.61380213, -142.89842551 60.44639924, -142.08092178 60.27392611, -141.27210106 60.09647051, -140.47204930 59.91412061, -139.68083894 59.72696488, -138.89852941 59.53509193, -138.12516760 59.33859035, -137.36078837 59.13754859, -136.60541508 58.93205483, -135.85906012 58.72219688, -135.12172541 58.50806203, -134.39340300 58.28973700)"
RD_R_PETROSTAR_VALDEZ_ANLTK02051,R-D,R_PETROSTAR_VALDEZ,Petro Star Valdez Refinery,R,61.08472200,-146.25305600,ANLTK02051,PETRO MARINE SERVICES,D,56.80741200,-132.97191000,1763.76606805,898.38227600,898.38227600,1584536.17454126,"LINESTRING (-146.25305600 61.08472200, -145.42773053 60.88505751, -144.61278020 60.68038855, -143.80823668 60.47081911, -143.01411691 60.25645273, -142.23042387 60.03739231, -141.45714738 59.81374001, -140.69426486 59.58559709, -139.94174207 59.35306379, -139.19953389 59.11623925, -138.46758506 58.87522141, -137.74583090 58.63010689, -137.03419803 58.38099096, -136.33260506 58.12796744, -135.64096324 57.87112865, -134.95917708 57.61056535, -134.28714503 57.34636672, -133.62476001 57.07862031, -132.97191000 56.80741200)"
RD_R_PETROSTAR_VALDEZ_ANLTK02059,R-D,R_PETROSTAR_VALDEZ,Petro Star Valdez Refinery,R,61.08472200,-146.25305600,ANLTK02059,PETRO MARINE SERVICES NO. 2 (NORTH PLANT),D,57.05544400,-135.34892600,1385.80157940,768.28740937,768.28740937,1064693.90534444,"LINESTRING (-146.25305600 61.08472200, -145.49480307 60.86131954, -144.74716497 60.63369448, -144.01008704 60.40194412, -143.28350453 60.16616448, -142.56734334 59.92645022, -141.86152078 59.68289455, -141.16594625 59.43558921, -140.48052199 59.18462437, -139.80514368 58.93008861, -139.13970109 58.67206888, -138.48407872 58.41065047, -137.83815631 58.14591697, -137.20180947 57.87795026, -136.57491009 57.60683053, -135.95732693 57.33263620, -135.34892600 57.05544400)"
RD_R_PETROSTAR_VALDEZ_ANLTK02060,R-D,R_PETROSTAR_VALDEZ,Petro Star Valdez Refinery,R,61.08472200,-146.25305600,ANLTK02060,PETRO MARINE SERVICES NO. 1 (SOUTH PLANT),D,57.04861400,-135.34006800,1347.35919183,769.18923167,769.18923167,1036374.18153965,"LINESTRING (-146.25305600 61.08472200, -145.49405986 60.86094322, -144.74570659 60.63293360, -144.00794101 60.40079081, -143.28069783 60.16461120, -142.56390237 59.92448976, -141.85747134 59.68052003, -141.16131352 59.43279406, -140.47533051 59.18140232, -139.79941732 58.92643368, -139.13346308 58.66797538, -138.47735160 58.40611297, -137.83096197 58.14093031, -137.19416910 57.87250954, -136.56684421 57.60093107, -135.94885540 57.32627357, -135.34006800 57.04861400)"
RD_R_PETROSTAR_VALDEZ_ANLTK02061,R-D,R_PETROSTAR_VALDEZ,Petro Star Valdez Refinery,R,61.08472200,-146.25305600,ANLTK02061,PETRO MARINE SERVICES,D,59.45296400,-135.32674100,1982.75701208,630.61065047,630.61065047,1250347.68911739,"LINESTRING (-146.25305600 61.08472200, -145.37611810 60.99183392, -144.50444017 60.89327701, -143.63827539 60.78910869, -142.77786493 60.67938881, -141.92343769 60.56417947, -141.07521016 60.44354491, -140.23338621 60.31755134, -139.39815707 60.18626673, -138.56970128 60.04976072, -137.74818472 59.90810443, -136.93376067 59.76137029, -136.12656994 59.60963194, -135.32674100 59.45296400)"
RD_R_PETROSTAR_VALDEZ_ANLTK02068,R-D,R_PETROSTAR_VALDEZ,Petro Star Valdez Refinery,R,61.08472200,-146.25305600,ANLTK02068,PETRO STAR INCORPORATED - NORTH PACIFIC FUEL RESOFF TANK FARM,D,53.91272600,-166.50853100,1.00000000,1444.23607081,1444.23607081,1444.23607081,"LINESTRING (-146.25305600 61.08472200, -147.08820552 60.89709553, -147.91346985 60.70434312, -148.72878549 60.50656522, -149.53410421 60.30386222, -150.32939233 60.09633424, -151.11463010 59.88408100, -151.88981092 59.66720168, -152.65494071 59.44579478, -153.41003714 59.21995799, -154.15512900 58.98978809, -154.89025543 58.75538083, -155.61546529 58.51683088, -156.33081646 58.27423170, -157.03637520 58.02767547, -157.73221550 57.77725306, -158.41841847 57.52305395, -159.09507177 57.26516614, -159.76226897 57.00367619, -160.42010908 56.73866910, -161.06869597 56.47022835, -161.70813786 56.19843580, -162.33854692 55.92337176, -162.96003871 55.64511489, -163.57273184 55.36374226, -164.17674753 55.07932930, -164.77220923 54.79194981, -165.35924226 54.50167598, -165.93797348 54.20857839, -166.50853100 53.91272600)"
RD_R_PETROSTAR_VALDEZ_ANLTK02070,R-D,R_PETROSTAR_VALDEZ,Petro Star Valdez Refinery,R,61.08472200,-146.25305600,ANLTK02070,PETRO STAR INCORPORATED,D,61.12904200,-146.36382100,17379.81809480,7.75031855,7.75031855,134699.12652382,"LINESTRING (-146.25305600 61.08472200, -146.36382100 61.12904200)"
RD_R_PETROSTAR_VALDEZ_ANLTK02072,R-D,R_PETROSTAR_VALDEZ,Petro Star Valdez Refinery,R,61.08472200,-146.25305600,ANLTK02072,PETRO 49 INC - WRANGELL,D,56.46420500,-132.38429000,405.86332927,950.32612476,950.32612476,385702.52488623,"LINESTRING (-146.25305600 61.08472200, -145.47049842 60.89148514, -144.69745783 60.69374760, -143.93395414 60.49159980, -143.17999531 60.28513169, -142.43557796 60.07443265, -141.70068798 59.85959136, -140.97530115 59.64069572, -140.25938378 59.41783275, -139.55289328 59.19108851, -138.85577874 58.96054804, -138.16798156 58.72629525, -137.48943596 58.48841292, -136.82006956 58.24698262, -136.15980390 58.00208463, -135.50855494 57.75379797, -134.86623359 57.50220030, -134.23274612 57.24736795, -133.60799465 56.98937583, -132.99187758 56.72829748, -132.38429000 56.46420500)"
RD_R_PETROSTAR_VALDEZ_ANLTK02077,R-D,R_PETROSTAR_VALDEZ,Petro Star Valdez Refinery,R,61.08472200,-146.25305600,ANLTK02077,DELTA WESTERN INCORPORATED - YAKUTAT BULK PLANT,D,59.54481900,-139.73300900,1681.09273106,398.88393844,398.88393844,670560.88945501,"LINESTRING (-146.25305600 61.08472200, -145.40469787 60.91007297, -144.56570918 60.73013269, -143.73618902 60.54499813, -142.91622065 60.35476658, -142.10587209 60.15953551, -141.30519668 59.95940241, -140.51423369 59.75446457, -139.73300900 59.54481900)"
RD_R_PETROSTAR_VALDEZ_ANLTK02078,R-D,R_PETROSTAR_VALDEZ,Petro Star Valdez Refinery,R,61.08472200,-146.25305600,ANLTK02078,JUNEAU AIRPORT FUELING FACILITY,D,58.36224000,-134.48882400,280.96656357,726.75223670,726.75223670,204193.07851524,"LINESTRING (-146.25305600 61.08472200, -145.41037521 60.93726992, -144.57558725 60.78459269, -143.74883662 60.62677181, -142.93025350 60.46388975, -142.11995404 60.29602977, -141.31804066 60.12327581, -140.52460244 59.94571227, -139.73971554 59.76342392, -138.96344355 59.57649572, -138.19583800 59.38501270, -137.43693881 59.18905980, -136.68677473 58.98872182, -135.94536388 58.78408323, -135.21271421 58.57522810, -134.48882400 58.36224000)"
RD_R_CONOCOPHILLIPS_KUPARUK_D_KUPARUK_LOCAL,R-D,R_CONOCOPHILLIPS_KUPARUK,ConocoPhillips Kuparuk/Prudhoe Bay topping plant (CPF-1),R,70.32450000,-149.59900000,D_KUPARUK_LOCAL,Kuparuk Local Refined-Fuel Terminal,D,70.32450000,-149.59900000,20131.09300000,0.00000000,0.00000000,0.00000000,"LINESTRING (-149.59900000 70.32450000, -149.59900000 70.32450000)"
RD_R_HILCORP_PRUDHOE_ANLTK02054,R-D,R_HILCORP_PRUDHOE,Hilcorp North Slope Crude Oil Topping Unit,R,70.25498900,-148.34717500,ANLTK02054,BP EXPLORATION ALASKA - REFINERY,D,70.25440900,-148.35003700,8723.47400000,0.12586259,0.12586259,1097.95905747,"LINESTRING (-148.34717500 70.25498900, -148.35003700 70.25440900)"
PD_P_POA_ANCHORAGE_ANLTK02002,P-D,P_POA_ANCHORAGE,Port of Alaska marine import hub,P,61.23917000,-149.88944000,ANLTK02002,ANCHORAGE FUELING AND SERVICE COMPANY OFF-AIRPORT FUEL FACILITY,D,61.23429400,-149.88501600,2880.96032990,0.59302156,0.59302156,1708.47158193,"LINESTRING (-149.88944000 61.23917000, -149.88501600 61.23429400)"
PD_P_POA_ANCHORAGE_ANLTK02006,P-D,P_POA_ANCHORAGE,Port of Alaska marine import hub,P,61.23917000,-149.88944000,ANLTK02006,PETRO STAR INCORPORATED,D,61.23388600,-149.88981200,15006.71133430,0.58915100,0.58915100,8841.21895269,"LINESTRING (-149.88944000 61.23917000, -149.88981200 61.23388600)"
PD_P_POA_ANCHORAGE_ANLTK02007,P-D,P_POA_ANCHORAGE,Port of Alaska marine import hub,P,61.23917000,-149.88944000,ANLTK02007,TESORO LOGISTICS OPERATIONS LP,D,61.23550500,-149.88370600,43266.66799580,0.51148423,0.51148423,22130.21825922,"LINESTRING (-149.88944000 61.23917000, -149.88370600 61.23550500)"
PD_P_HOMER_ANLTK02008,P-D,P_HOMER,Homer marine import hub,P,59.60248800,-151.41095200,ANLTK02008,CROWLEY PETROLEUM DISTRIBUTION,D,61.58214300,-159.53638200,221.52562265,496.44883818,496.44883818,109976.13798995,"LINESTRING (-151.41095200 59.60248800, -152.17847217 59.82208235, -152.95605337 60.03713506, -153.74369829 60.24754766, -154.54139692 60.45322104, -155.34912587 60.65405560, -156.16684763 60.84995136, -156.99450994 61.04080812, -157.83204510 61.22652566, -158.67936929 61.40700388, -159.53638200 61.58214300)"
PD_P_HOMER_ANLTK02009,P-D,P_HOMER,Homer marine import hub,P,59.60248800,-151.41095200,ANLTK02009,CROWLEY FUELS LLC BETHEL TANK FARM,D,60.78432900,-161.78177900,47.61904762,589.50984696,589.50984696,28071.89747499,"LINESTRING (-151.41095200 59.60248800, -152.24451405 59.73141780, -153.08438393 59.85501644, -153.93036882 59.97321799, -154.78226390 60.08595840, -155.63985243 60.19317564, -156.50290590 60.29480984, -157.37118426 60.39080344, -158.24443622 60.48110137, -159.12239951 60.56565114, -160.00480131 60.64440304, -160.89135867 60.71731026, -161.78177900 60.78432900)"
PD_P_HOMER_ANLTK02014,P-D,P_HOMER,Homer marine import hub,P,59.60248800,-151.41095200,ANLTK02014,BRISTOL ALLIANCE FUELS LLC,D,59.04215051,-158.48263030,95.23809524,407.24974860,407.24974860,38785.69034341,"LINESTRING (-151.41095200 59.60248800, -152.20724263 59.55930612, -153.00138323 59.51129432, -153.79315791 59.45847543, -154.58235520 59.40087438, -155.36876837 59.33851817, -156.15219581 59.27143581, -156.93244132 59.19965825, -157.70931436 59.12321828, -158.48263030 59.04215051)"
PD_P_HOMER_ANLTK02015,P-D,P_HOMER,Homer marine import hub,P,59.60248800,-151.41095200,ANLTK02015,BRISTOL ALLIANCE FUELS LLC DOWNTOWN DILLINGHAM TERMINAL,D,59.03903500,-158.46614084,95.23809524,406.39479304,406.39479304,38704.26600462,"LINESTRING (-151.41095200 59.60248800, -152.20545460 59.55887245, -152.99779218 59.51044873, -153.78775055 59.45723974, -154.57511992 59.39927050, -155.35969529 59.33656804, -156.14127675 59.26916140, -156.91966976 59.19708153, -157.69468545 59.12036121, -158.46614084 59.03903500)"
PD_P_HOMER_ANLTK02025,P-D,P_HOMER,Homer marine import hub,P,59.60248800,-151.41095200,ANLTK02025,PETRO MARINE SERVICES,D,59.60183100,-151.41136900,2611.84989541,0.07688794,0.07688794,200.81976910,"LINESTRING (-151.41095200 59.60248800, -151.41136900 59.60183100)"
PD_P_HOMER_ANLTK02033,P-D,P_HOMER,Homer marine import hub,P,59.60248800,-151.41095200,ANLTK02033,PETRO STAR INC (DBA NORTH PACIFIC FUEL) - KODIAK,D,57.78503134,-152.42417278,3636.60364257,210.79239529,210.79239529,766568.39254390,"LINESTRING (-151.41095200 59.60248800, -151.62218427 59.23968628, -151.82897483 58.87652851, -152.03147454 58.51302618, -152.22982779 58.14919030, -152.42417278 57.78503134)"
PD_P_HOMER_ANLTK02034,P-D,P_HOMER,Homer marine import hub,P,59.60248800,-151.41095200,ANLTK02034,PETRO MARINE SERVICES,D,57.78839200,-152.40189400,3184.96984373,210.07549580,210.07549580,669084.11903178,"LINESTRING (-151.41095200 59.60248800, -151.61752458 59.24033002, -151.81976103 58.87783069, -152.01780852 58.51500101, -152.21180791 58.15185144, -152.40189400 57.78839200)"
PD_P_HOMER_ANLTK02040,P-D,P_HOMER,Homer marine import hub,P,59.60248800,-151.41095200,ANLTK02040,BRISTOL ALLIANCE FUELS LLC NAKNEK TERMINAL,D,58.72746600,-157.01164200,1135.71428574,334.74329653,334.74329653,380172.74392815,"LINESTRING (-151.41095200 59.60248800, -152.22816653 59.49241747, -153.03995703 59.37727170, -153.84614462 59.25710780, -154.64656051 59.13198448, -155.44104602 59.00196187, -156.22945265 58.86710148, -157.01164200 58.72746600)"
PD_P_HOMER_ANLTK02073,P-D,P_HOMER,Homer marine import hub,P,59.60248800,-151.41095200,ANLTK02073,SHORESIDE PETROLEUM INCORPORATED - SEWARD TERMINAL,D,60.12235229,-149.43353395,240.80246493,125.01557619,125.01557619,30104.05890104,"LINESTRING (-151.41095200 59.60248800, -150.75867117 59.77906916, -150.09952800 59.95237625, -149.43353395 60.12235229)"
PD_P_HOMER_ANLTK02074,P-D,P_HOMER,Homer marine import hub,P,59.60248800,-151.41095200,ANLTK02074,FROSTY FUELS COLD BAY,D,55.20145408,-162.71581284,35.71428571,836.13447591,836.13447591,29861.94556462,"LINESTRING (-151.41095200 59.60248800, -152.15303806 59.37341851, -152.88509614 59.14017683, -153.60717889 58.90285682, -154.31934785 58.66155110, -155.02167284 58.41635103, -155.71423130 58.16734657, -156.39710767 57.91462631, -157.07039280 57.65827736, -157.73418335 57.39838532, -158.38858128 57.13503428, -159.03369327 56.86830673, -159.66963026 56.59828362, -160.29650699 56.32504425, -160.91444147 56.04866635, -161.52355463 55.76922598, -162.12396991 55.48679761, -162.71581284 55.20145408)"
PD_P_NIKISKI_ANLTK02005,P-D,P_NIKISKI,Nikiski marine import hub,P,60.68372100,-151.39395400,ANLTK02005,TESORO LOGISTICS OPERATIONS LLC OCEAN DOCK PETROLEUM TERMINAL,D,61.23024400,-149.89365300,9436.91384001,101.56465814,101.56465814,958456.92805347,"LINESTRING (-151.39395400 60.68372100, -150.89956365 60.86774993, -150.39947996 61.04993591, -149.89365300 61.23024400)"
PD_P_NIKISKI_ANLTK02044,P-D,P_NIKISKI,Nikiski marine import hub,P,60.68372100,-151.39395400,ANLTK02044,NIKISKI FUEL LLC,D,60.73926900,-151.30948200,2753.86795449,7.71873038,7.71873038,21256.36424737,"LINESTRING (-151.39395400 60.68372100, -151.30948200 60.73926900)"
PD_P_UNALASKA_ANLTK02017,P-D,P_UNALASKA,Unalaska/Dutch Harbor marine import hub,P,53.89138900,-166.53444000,ANLTK02017,"DELTA WESTERN, INCORPORATED -DUTCH HARBOR",D,53.89104900,-166.53630400,1448.68970509,0.12826150,0.12826150,185.81110923,"LINESTRING (-166.53444000 53.89138900, -166.53630400 53.89104900)"
PD_P_UNALASKA_ANLTK02001,P-D,P_UNALASKA,Unalaska/Dutch Harbor marine import hub,P,53.89138900,-166.53444000,ANLTK02001,ALEUT ENTERPRISE CORPORATION (ADAK ISLAND),D,51.87078853,-176.64223488,1692.85714286,715.91983208,715.91983208,1211950.00144549,"LINESTRING (-166.53444000 53.89138900, -167.23639465 53.78409400, -167.93470900 53.67270910, -168.62928272 53.55727213, -169.32002014 53.43782180, -170.00683027 53.31439770, -170.68962676 53.18704015, -171.36832797 53.05579022, -172.04285691 52.92068964, -172.71314123 52.78178077, -173.37911321 52.63910650, -174.04070970 52.49271025, -174.69787207 52.34263589, -175.35054617 52.18892769, -175.99868225 52.03163026, -176.64223488 51.87078853)"
PD_P_UNALASKA_ANLTK02062,P-D,P_UNALASKA,Unalaska/Dutch Harbor marine import hub,P,53.89138900,-166.53444000,ANLTK02062,DELTA WESTERN,D,56.57240144,-169.67115100,663.28320802,358.96311156,358.96311156,238094.20419536,"LINESTRING (-166.53444000 53.89138900, -166.90402187 54.23085976, -167.27970852 54.56915937, -167.66165735 54.90625432, -168.05003010 55.24210992, -168.44499289 55.57669027, -168.84671638 55.90995819, -169.25537578 56.24187519, -169.67115100 56.57240144)"
PD_P_UNALASKA_ANLTK02063,P-D,P_UNALASKA,Unalaska/Dutch Harbor marine import hub,P,53.89138900,-166.53444000,ANLTK02063,ST. PAUL FUEL LLC BULK FUEL FACILITY - MAIN TANK FARM,D,57.12311700,-170.28328300,3309.58965990,430.62419540,430.62419540,1425189.38438634,"LINESTRING (-166.53444000 53.89138900, -166.92158554 54.25601095, -167.31561014 54.61934555, -167.71670592 54.98135318, -168.12507081 55.34199272, -168.54090868 55.70122150, -168.96442947 56.05899521, -169.39584935 56.41526785, -169.83539086 56.76999166, -170.28328300 57.12311700)"
PD_P_NOME_ANLTK02022,P-D,P_NOME,Nome marine import hub,P,64.49666700,-165.43611000,ANLTK02022,"CROWLEY MARINE SERVICES, INCORPORATED",D,64.73367700,-156.93806400,18.45238095,407.20782701,407.20782701,7513.95394976,"LINESTRING (-165.43611000 64.49666700, -164.50111120 64.54703443, -163.56286118 64.59145207, -162.62175421 64.62988870, -161.67819253 64.66231712, -160.73258532 64.68871426, -159.78534758 64.70906125, -158.83689896 64.72334349, -157.88766263 64.73155071, -156.93806400 64.73367700)"
PD_P_NOME_ANLTK02026,P-D,P_NOME,Nome marine import hub,P,64.49666700,-165.43611000,ANLTK02026,CROWLEY PETROLEUM DISTRIBUTION,D,61.53395400,-166.10095500,99.81568055,331.93663273,331.93663273,33132.48089486,"LINESTRING (-165.43611000 64.49666700, -165.53968270 64.07369668, -165.64016041 63.65063006, -165.73768979 63.22747023, -165.83240848 62.80422008, -165.92444575 62.38088233, -166.01392313 61.95745952, -166.10095500 61.53395400)"
PD_P_NOME_ANLTK02035,P-D,P_NOME,Nome marine import hub,P,64.49666700,-165.43611000,ANLTK02035,CROWLEY MARINE SERVICES INCORPORATED,D,66.90347600,-162.58142500,47.61904762,298.62105205,298.62105205,14220.05009794,"LINESTRING (-165.43611000 64.49666700, -164.99608845 64.90143774, -164.54263008 65.30484701, -164.07511182 65.70682842, -163.59287535 66.10731134, -163.09522491 66.50622056, -162.58142500 66.90347600)"
PD_P_NOME_ANLTK02047,P-D,P_NOME,Nome marine import hub,P,64.49666700,-165.43611000,ANLTK02047,CROWLEY MARINE SERVICES INCORPORATED,D,64.50098800,-165.41699400,3408.94510874,1.03730992,1.03730992,3536.13259245,"LINESTRING (-165.43611000 64.49666700, -165.41699400 64.50098800)"
PD_P_NOME_ANLTK02048,P-D,P_NOME,Nome marine import hub,P,64.49666700,-165.43611000,ANLTK02048,CROWLEY MARINE SERVICES INCORPORATED,D,64.50280100,-165.43807500,11.90476190,0.69033809,0.69033809,8.21831064,"LINESTRING (-165.43611000 64.49666700, -165.43807500 64.50280100)"
PD_P_NOME_ANLTK02056,P-D,P_NOME,Nome marine import hub,P,64.49666700,-165.43611000,ANLTK02056,CROWLEY FUELS LLC - ST. MARY'S BULK FUEL STORAGE FACILITY,D,62.04873000,-163.18822500,187.49818695,295.22988759,295.22988759,55355.06865764,"LINESTRING (-165.43611000 64.49666700, -165.03421153 64.09127236, -164.64385375 63.68477734, -164.26453700 63.27723083, -163.89578819 62.86867889, -163.53715911 62.45916495, -163.18822500 62.04873000)"
PD_P_NOME_ANLTK02063,P-D,P_NOME,Nome marine import hub,P,64.49666700,-165.43611000,ANLTK02063,ST. PAUL FUEL LLC BULK FUEL FACILITY - MAIN TANK FARM,D,57.12311700,-170.28328300,779.00683133,862.31065204,862.31065204,671745.88866350,"LINESTRING (-165.43611000 64.49666700, -165.77117413 64.09233226, -166.09664488 63.68722584, -166.41294335 63.28138151, -166.72046746 62.87483111, -167.01959349 62.46760462, -167.31067741 62.05973033, -167.59405624 61.65123492, -167.87004919 61.24214359, -168.13895882 60.83248018, -168.40107205 60.42226720, -168.65666113 60.01152597, -168.90598453 59.60027668, -169.14928778 59.18853847, -169.38680426 58.77632946, -169.61875588 58.36366688, -169.84535379 57.95056705, -170.06679901 57.53704551, -170.28328300 57.12311700)"
PD_P_CRAIG_ANLTK02012,P-D,P_CRAIG,Craig marine import hub,P,55.47805600,-133.15222000,ANLTK02012,PETRO MARINE SERVICES,D,55.48866300,-133.14136200,2761.67530482,1.36593295,1.36593295,3772.26329553,"LINESTRING (-133.15222000 55.47805600, -133.14136200 55.48866300)"
PD_P_JUNEAU_ANLTK02029,P-D,P_JUNEAU,Juneau marine import hub,P,58.29027800,-134.39527000,ANLTK02029,CROWLEY FUELS LLC,D,58.28973700,-134.39340300,2710.56414150,0.12499131,0.12499131,338.79695189,"LINESTRING (-134.39527000 58.29027800, -134.39340300 58.28973700)"
PD_P_KETCHIKAN_ANLTK02030,P-D,P_KETCHIKAN,Ketchikan marine import hub,P,55.33388900,-131.62861000,ANLTK02030,CROWLEY FUELS LLC KETCHIKAN FACILITY,D,55.33712900,-131.63333000,1341.85383974,0.46885672,0.46885672,629.13718662,"LINESTRING (-131.62861000 55.33388900, -131.63333000 55.33712900)"
PD_P_KETCHIKAN_ANLTK02032,P-D,P_KETCHIKAN,Ketchikan marine import hub,P,55.33388900,-131.62861000,ANLTK02032,PETRO MARINE SERVICES - KETCHIKAN TERMINAL NO. 1,D,55.33395600,-131.62770900,26.03877327,0.05766335,0.05766335,1.50148280,"LINESTRING (-131.62861000 55.33388900, -131.62770900 55.33395600)"
PD_P_HAINES_ANLTK02024,P-D,P_HAINES,Haines marine import hub,P,59.22944400,-135.43722000,ANLTK02024,DELTA WESTERN - LUTAK,D,59.28058300,-135.46865600,293.85573936,5.97248358,5.97248358,1755.04857682,"LINESTRING (-135.43722000 59.22944400, -135.46865600 59.28058300)"
PD_P_SKAGWAY_ANLTK02061,P-D,P_SKAGWAY,Skagway marine import hub,P,59.45027800,-135.32722000,ANLTK02061,PETRO MARINE SERVICES,D,59.45296400,-135.32674100,112.22379118,0.30045916,0.30045916,33.71866620,"LINESTRING (-135.32722000 59.45027800, -135.32674100 59.45296400)"
PD_P_SITKA_ANLTK02060,P-D,P_SITKA,Sitka marine import hub,P,57.04833300,-135.34083000,ANLTK02060,PETRO MARINE SERVICES NO. 1 (SOUTH PLANT),D,57.04861400,-135.34006800,69.27435813,0.05584001,0.05584001,3.86828072,"LINESTRING (-135.34083000 57.04833300, -135.34006800 57.04861400)"
