,X,Y,OBJECTID,TERM_ID,NAME,ADDRESS,CITY,STATE,ZIP,ZIP4,TELEPHONE,TYPE,STATUS,POPULATION,COUNTY,COUNTYFIPS,COUNTRY,LATITUDE,LONGITUDE,NAICS_CODE,NAICS_DESC,SOURCE,SOURCEDATE,VAL_METHOD,VAL_DATE,WEBSITE,EXSTARS_I,OWNER,OPERATOR,POSREL,COMMODITY,CAPACITY,TRUCK_IN,TRUCK_OUT,PIPE_IN,PIPE_OUT,MARINE_IN,MARINE_OUT,RAIL_IN,RAIL_OUT,ASPHALT,CHEMICALS,PROPANE,BUTANE,REFINED,ETHANOL,BIODIESEL,CRUDE_OIL,JETFUEL,GASOLINE,DISTILLATE,AVGAS
0,-176.64223488,51.8707885330001,50,ANLTK02001,ALEUT ENTERPRISE CORPORATION (ADAK ISLAND),840 K STREET,ADAK,AK,99546,NOT AVAILABLE,(907) 592-8330,MARINE TERMINAL,IN SERVICE,-999,ALEUTIANS WEST,2016,USA,51.870788533,-176.64223488,424710,PETROLEUM BULK STATIONS AND TERMINALS,EIA,2015/07/27 00:00:00+00,OTHER,2018/01/25 00:00:00+00,http://www.portofadak.com/,NONE,ADAK PETROLEUM LLC,NOT AVAILABLE,WITHIN 1 MILE,REFINED,100000.0,NO,NO,YES,YES,YES,YES,NO,NO,NO,NO,NO,NO,YES,NOT AVAILABLE,NOT AVAILABLE,NO,YES,NO,NO,NO
1,-149.885016,61.234294,51,ANLTK02002,ANCHORAGE FUELING AND SERVICE COMPANY OFF-AIRPORT FUEL FACILITY,1331 TIDEWATER ROAD,ANCHORAGE,AK,99501,NOT AVAILABLE,(907) 277-4024,AIRPORT TERMINAL,IN SERVICE,-999,ANCHORAGE,2020,USA,61.234294,-149.885016,424710,PETROLEUM BULK STATIONS AND TERMINALS,EIA,2015/07/27 00:00:00+00,OTHER,2018/01/25 00:00:00+00,https://aws.state.ak.us/,NONE,ANCHORAGE FUELING AND SERVICES CO.,AIRCRAFT SERVICE INTERNATIONAL GROUP (ASIG),WITHIN 40 FEET,REFINED,554400.0,NO,NO,NO,YES,NO,NO,YES,YES,NO,NO,NO,NO,YES,NO,NO,NO,YES,NO,NO,NO
2,-150.01127,61.1749490000001,52,ANLTK02003,ANCHORAGE FUELING AND SERVICE COMPANY AIRPORT FUEL FACILITY,6900 WEST END ROAD,ANCHORAGE,AK,99502,NOT AVAILABLE,(907) 249-4200,AIRPORT TERMINAL,IN SERVICE,-999,ANCHORAGE,2020,USA,61.174949,-150.01127,424710,PETROLEUM BULK STATIONS AND TERMINALS,EIA,2015/07/27 00:00:00+00,OTHER,2018/01/25 00:00:00+00,http://menziesaviation.com/,NONE,ANCHORAGE FUELING AND SERVICES CO.,AIRCRAFT SERVICE INTERNATIONAL GROUP (ASIG),WITHIN 40 FEET,REFINED,905625.0,NO,NO,YES,YES,NO,NO,YES,YES,NO,NO,NO,NO,YES,NO,NO,NO,YES,NO,NO,NO
3,-149.888211,61.2311680000001,53,ANLTK02004,CROWLEY FUELS LLC - ANCHORAGE BULK FUEL FACILITY,459 WEST BLUFF DRIVE,ANCHORAGE,AK,99501,NOT AVAILABLE,(907) 258-2301,BULK TERMINAL,IN SERVICE,-999,ANCHORAGE,2020,USA,61.231168,-149.888211,424710,PETROLEUM BULK STATIONS AND TERMINALS,EIA,2015/07/27 00:00:00+00,OTHER,2019/06/21 00:00:00+00,NOT AVAILABLE,T-92-AK-4500,NOT AVAILABLE,NOT AVAILABLE,WITHIN 40 FEET,"REFINED, CHEMICALS",1112164.0,YES,NO,YES,YES,YES,NO,YES,YES,NO,YES,NO,NO,YES,NO,NO,NO,YES,NO,NO,NO
4,-149.893653,61.230244,54,ANLTK02005,TESORO LOGISTICS OPERATIONS LLC OCEAN DOCK PETROLEUM TERMINAL,1076 OCEAN DOCK ROAD,ANCHORAGE,AK,99501,NOT AVAILABLE,(907) 257-3100,MARINE TERMINAL,IN SERVICE,-999,ANCHORAGE,2020,USA,61.230244,-149.893653,424710,PETROLEUM BULK STATIONS AND TERMINALS,EIA,2015/07/27 00:00:00+00,OTHER,2019/06/21 00:00:00+00,NOT AVAILABLE,T-92-AK-4501,TESORO LOGISTICS LP,NOT AVAILABLE,WITHIN 40 FEET,"REFINED, ASPHALT, CHEMICALS",704770.0,YES,YES,YES,YES,YES,YES,YES,YES,YES,YES,NO,NO,YES,NO,NO,NO,YES,YES,YES,NO
5,-149.889812,61.233886,55,ANLTK02006,PETRO STAR INCORPORATED,1522 ANCHORAGE PORT ROAD,ANCHORAGE,AK,99501,NOT AVAILABLE,(907) 279-1526,MARINE TERMINAL,IN SERVICE,-999,ANCHORAGE,2020,USA,61.233886,-149.889812,424710,PETROLEUM BULK STATIONS AND TERMINALS,EIA,2015/07/27 00:00:00+00,OTHER,2019/06/21 00:00:00+00,http://www.petrostar.com/,T-92-AK-4504,PETRO STAR INC,NOT AVAILABLE,WITHIN 40 FEET,"REFINED, CHEMICALS",220000.0,YES,YES,YES,YES,YES,YES,YES,YES,NO,YES,NO,NO,YES,NO,NO,NO,YES,YES,YES,YES
6,-149.883706,61.235505,56,ANLTK02007,TESORO LOGISTICS OPERATIONS LP,1601 TIDEWATER ROAD,ANCHORAGE,AK,99501,NOT AVAILABLE,(907) 279-1526,BULK TERMINAL,IN SERVICE,-999,ANCHORAGE,2020,USA,61.235505,-149.883706,424710,PETROLEUM BULK STATIONS AND TERMINALS,EIA,2015/07/27 00:00:00+00,OTHER,2019/06/21 00:00:00+00,https://assetmap.tesoropetroleum.com/,T-92-AK-4502,ANDEAVOR LOGISTICS LP,ANDEAVOR LOGISTICS LP,WITHIN 40 FEET,"REFINED, CHEMICALS",634294.0,YES,YES,YES,YES,YES,YES,YES,YES,NO,YES,NO,NO,YES,NO,NO,NO,YES,YES,NO,YES
7,-159.536382,61.582143,57,ANLTK02008,CROWLEY PETROLEUM DISTRIBUTION,249 RIVER AVE,ANIAK,AK,99557,NOT AVAILABLE,(907) 675-4525,MARINE TERMINAL,IN SERVICE,-999,BETHEL,2050,USA,61.582143,-159.536382,424710,PETROLEUM BULK STATIONS AND TERMINALS,EIA,2015/07/27 00:00:00+00,OTHER,2019/06/25 00:00:00+00,http://www.crowley.com/,T-91-AK-4544,CPD ALASKA LLC,NOT AVAILABLE,WITHIN 1 MILE,REFINED,9956.0,NO,NO,NO,NO,YES,YES,NO,NO,NO,NO,NO,NO,YES,NO,NO,NO,YES,YES,YES,YES
8,-161.781779,60.7843290000001,58,ANLTK02009,CROWLEY FUELS LLC BETHEL TANK FARM,1120 STANDARD OIL ROAD,BETHEL,AK,99559,NOT AVAILABLE,(907) 543-2214,MARINE TERMINAL,IN SERVICE,-999,BETHEL,2050,USA,60.784329,-161.781779,424710,PETROLEUM BULK STATIONS AND TERMINALS,EIA,2015/07/27 00:00:00+00,OTHER,2019/06/19 00:00:00+00,http://www.crowley.com/,T-91-AK-4579,CPD ALASKA LLC,NOT AVAILABLE,WITHIN 1 MILE,REFINED,341857.0,YES,YES,NO,NO,YES,YES,NO,NO,NO,NO,NO,NO,YES,NO,NO,NO,YES,YES,YES,YES
9,-150.662473,66.8124770000001,59,ANLTK02010,ALYESKA PIPELINE SERVICE COMPANY - STATION NO. 5,N SLOPE HAUL RD,COLDFOOT,AK,99701,NOT AVAILABLE,(907) 787-8946,BREAKOUT TANKS - CRUDE,IN SERVICE,-999,YUKON-KOYUKUK,2290,USA,66.812477,-150.662473,424710,PETROLEUM BULK STATIONS AND TERMINALS,EIA,2015/07/27 00:00:00+00,OTHER,2019/07/01 00:00:00+00,http://www.alyeska-pipe.com/,NONE,NOT AVAILABLE,NOT AVAILABLE,NOTIONAL,"CRUDE, REFINED",182262.0,NO,NO,YES,YES,NO,NO,NO,NO,NO,NO,NO,NO,YES,NO,NO,YES,NO,NO,NO,NO
10,-145.755336,60.554789,60,ANLTK02011,SHORESIDE PETROLEUM INCORPORATED - CORDOVA TERMINAL,100 OCEAN DOCK ROAD,CORDOVA,AK,99574,NOT AVAILABLE,(907) 424-3263,MARINE TERMINAL,IN SERVICE,-999,VALDEZ-CORDOVA,2261,USA,60.554789,-145.755336,424710,PETROLEUM BULK STATIONS AND TERMINALS,EIA,2015/07/27 00:00:00+00,OTHER,2019/06/18 00:00:00+00,http://www.shoresidepetroleum.com/,T-91-AK-4523,SHORESIDE PETROLEUM INC,NOT AVAILABLE,WITHIN 1 MILE,"REFINED, CHEMICALS",50000.0,NO,NO,YES,YES,YES,YES,NO,NO,NO,YES,NO,NO,NO,NO,NO,NO,YES,YES,YES,YES
11,-133.141362,55.488663,61,ANLTK02012,PETRO MARINE SERVICES,110 J T BROWN STREET,CRAIG,AK,99921,NOT AVAILABLE,(907) 826-3296,MARINE TERMINAL,IN SERVICE,-999,PRINCE OF WALES-HYDER,2198,USA,55.488663,-133.141362,424710,PETROLEUM BULK STATIONS AND TERMINALS,EIA,2015/07/27 00:00:00+00,OTHER,2019/06/18 00:00:00+00,http://www.petromarineservices.com/,T-91-AK-4512,PETRO 49 INC,NOT AVAILABLE,WITHIN 40 FEET,"REFINED, CHEMICALS",50000.0,YES,YES,NO,NO,YES,YES,NO,NO,NO,YES,YES,YES,YES,NO,NO,NO,YES,YES,YES,YES
12,-145.768137,63.9310820000001,62,ANLTK02013,ALYESKA PIPELINE SERVICE COMPANY - STATION NO. 9,RICHARDSON HWY MP 258,DELTA JUNCTION,AK,99737,NOT AVAILABLE,(907) 869-3270,BREAKOUT TANKS - CRUDE,IN SERVICE,-999,SOUTHEAST FAIRBANKS,2240,USA,63.931082,-145.768137,424710,PETROLEUM BULK STATIONS AND TERMINALS,EIA,2015/07/27 00:00:00+00,OTHER,2019/07/01 00:00:00+00,NOT AVAILABLE,NONE,NOT AVAILABLE,NOT AVAILABLE,NOTIONAL,"CRUDE, REFINED",103623.0,YES,YES,YES,YES,NO,NO,NO,NO,NO,NO,NO,NO,YES,NO,NO,YES,NO,NO,YES,NO
13,-158.482630296,59.042150511,63,ANLTK02014,BRISTOL ALLIANCE FUELS LLC,106 N. PACIFIC CT.,DILLINGHAM,AK,99576,NOT AVAILABLE,(907) 842-1234,MARINE TERMINAL,IN SERVICE,-999,DILLINGHAM,2070,USA,59.042150511,-158.482630296,424710,PETROLEUM BULK STATIONS AND TERMINALS,EIA,2015/07/27 00:00:00+00,OTHER,2019/06/18 00:00:00+00,NOT AVAILABLE,T-92-AK-4577,BRISTOL ALLIANCE FUELS,NOT AVAILABLE,WITHIN 40 FEET,REFINED,70000.0,NO,NO,NO,NO,YES,YES,NO,NO,NO,NO,NO,NO,NO,NO,NO,NO,YES,YES,YES,YES
14,-158.466140844,59.039035004,64,ANLTK02015,BRISTOL ALLIANCE FUELS LLC DOWNTOWN DILLINGHAM TERMINAL,309 MAIN STREET,DILLINGHAM,AK,99576,NOT AVAILABLE,(907) 842-5441,MARINE TERMINAL,IN SERVICE,-999,DILLINGHAM,2070,USA,59.039035004,-158.466140844,424710,PETROLEUM BULK STATIONS AND TERMINALS,EIA,2015/07/27 00:00:00+00,OTHER,2019/06/18 00:00:00+00,http://www.deltawestern.com/,T-91-AK-4526,DELTA WESTERN INC,BRISTOL ALLIANCE FUELS LLC,WITHIN 1 MILE,REFINED,75000.0,NO,NO,NO,NO,YES,YES,NO,NO,NO,NO,NO,NO,YES,NO,NO,NO,YES,YES,YES,YES
15,-166.536304,53.8910490000001,65,ANLTK02017,"DELTA WESTERN, INCORPORATED -DUTCH HARBOR",1577 EAST POINT LOOP ROAD,DUTCH HARBOR,AK,99692,NOT AVAILABLE,(907) 581-1295,MARINE TERMINAL,IN SERVICE,-999,ALEUTIANS WEST,2016,USA,53.891049,-166.536304,424710,PETROLEUM BULK STATIONS AND TERMINALS,EIA,2015/07/27 00:00:00+00,OTHER,2018/07/02 00:00:00+00,http://www.deltawestern.com/,T-91-AK-4528,DELTA WESTERN INC,NOT AVAILABLE,NOTIONAL,"REFINED, CHEMICALS",193127.86,NO,NO,NO,NO,YES,YES,NO,NO,NO,YES,NO,NO,NO,NO,NO,NO,YES,YES,YES,YES
16,-166.529907,53.902473,66,ANLTK02018,PETRO STAR INCORPORATED - NORTH PACIFIC FUEL BALLYHOO TANK FARM,748 BALLYHOO ROAD,DUTCH HARBOR,AK,99685,NOT AVAILABLE,(907) 581-1350,MARINE TERMINAL,IN SERVICE,-999,ALEUTIANS WEST,2016,USA,53.902473,-166.529907,424710,PETROLEUM BULK STATIONS AND TERMINALS,EIA,2015/07/27 00:00:00+00,OTHER,2018/09/27 00:00:00+00,http://www.petrostar.com,T-91-AK-4510,NOT AVAILABLE,NOT AVAILABLE,WITHIN 40 FEET,REFINED,58224.0,NO,NO,NO,NO,YES,YES,NO,NO,NO,NO,NO,NO,NO,NO,NO,NO,YES,YES,YES,NO
17,-147.05077,64.6584310000001,67,ANLTK02019,US DEPARTMENT OF THE AIR FORCE - EIELSON AIR FORCE BASE,"2258 CENTRAL AVE., SUITE 100",EIELSON AFB,AK,99702,NOT AVAILABLE,(907) 377-2244,AIRPORT TERMINAL,IN SERVICE,-999,FAIRBANKS NORTH STAR,2090,USA,64.658431,-147.05077,424710,PETROLEUM BULK STATIONS AND TERMINALS,EIA,2015/07/27 00:00:00+00,OTHER,2019/06/28 00:00:00+00,http://www.eielson.af.mil,NONE,NOT AVAILABLE,NOT AVAILABLE,WITHIN 40 FEET,REFINED,198378.16,YES,YES,NO,NO,NO,NO,NO,NO,NO,NO,NO,NO,YES,NO,NO,NO,YES,NO,YES,NO
18,-147.890657,64.808369,68,ANLTK02020,ANDEAVOR LOGISTICS LP,5500 AIRPORT WAY,FAIRBANKS,AK,99709,NOT AVAILABLE,(907) 257-3108,AIRPORT TERMINAL,IN SERVICE,-999,FAIRBANKS NORTH STAR,2090,USA,64.808369,-147.890657,424710,PETROLEUM BULK STATIONS AND TERMINALS,EIA,2015/07/27 00:00:00+00,OTHER,2018/01/26 00:00:00+00,http://www.fhr.com,NONE,NOT AVAILABLE,NOT AVAILABLE,WITHIN 40 FEET,"REFINED, ASPHALT, CHEMICALS",60000.0,YES,YES,YES,YES,YES,YES,YES,YES,YES,YES,NO,NO,YES,NOT AVAILABLE,NOT AVAILABLE,NO,YES,NO,YES,NOT AVAILABLE
19,-145.276227,66.5706170000001,69,ANLTK02021,CROWLEY FUELS LLC FORT YUKON FACILITY,FAA VORTAC ROAD,FT. YUKON,AK,99740,NOT AVAILABLE,(907) 662-2408,MARINE TERMINAL,IN SERVICE,-999,YUKON-KOYUKUK,2290,USA,66.570617,-145.276227,424710,PETROLEUM BULK STATIONS AND TERMINALS,EIA,2015/07/27 00:00:00+00,OTHER,2019/06/27 00:00:00+00,http://www.crowley.com/,T-91-AK-4540,CPD ALASKA LLC,NOT AVAILABLE,WITHIN 40 FEET,"REFINED, CHEMICALS",16978.98,YES,YES,NO,NO,YES,NO,NO,NO,NO,YES,NO,NO,NO,NO,NO,NO,YES,YES,YES,NO
20,-156.938064,64.7336770000001,70,ANLTK02022,"CROWLEY MARINE SERVICES, INCORPORATED",7TH AVENUE & H STREET,GALENA,AK,99741,NOT AVAILABLE,(907) 656-1852,MARINE TERMINAL,IN SERVICE,-999,YUKON-KOYUKUK,2290,USA,64.733677,-156.938064,424710,PETROLEUM BULK STATIONS AND TERMINALS,EIA,2015/07/27 00:00:00+00,OTHER,2018/01/25 00:00:00+00,http://www.crowley.com/,T-91-AK-4538,CPD ALASKA LLC,NOT AVAILABLE,WITHIN 40 FEET,CHEMICALS,58571.0,YES,YES,NO,NO,YES,YES,NO,NO,NO,YES,NO,NO,NO,NOT AVAILABLE,NOT AVAILABLE,NO,NO,NO,NO,YES
21,-148.278903,65.3113090000001,71,ANLTK02023,ALYESKA PIPELINE SERVICE COMPANY - STATION NO. 7,STATE HWY 2,GLEN ALLEN,AK,99790,NOT AVAILABLE,(907) 787-8946,BREAKOUT TANKS - CRUDE,IN SERVICE,-999,YUKON-KOYUKUK,2290,USA,65.311309,-148.278903,424710,PETROLEUM BULK STATIONS AND TERMINALS,EIA,2015/07/27 00:00:00+00,OTHER,2019/07/01 00:00:00+00,NOT AVAILABLE,NONE,NOT AVAILABLE,NOT AVAILABLE,NOTIONAL,REFINED,106341.0,NO,NO,YES,YES,NO,NO,NO,NO,NO,NO,NO,NO,YES,NO,NO,NO,NO,NO,NO,NO
22,-135.468656,59.280583,72,ANLTK02024,DELTA WESTERN - LUTAK,1180 LUTAK RD.,HAINES,AK,99827,NOT AVAILABLE,(907) 766-3190,MARINE TERMINAL,IN SERVICE,-999,HAINES,2100,USA,59.280583,-135.468656,424710,PETROLEUM BULK STATIONS AND TERMINALS,EIA,2015/07/27 00:00:00+00,OTHER,2019/06/25 00:00:00+00,NOT AVAILABLE,NONE,DELTA WESTERN INC,NOT AVAILABLE,WITHIN 40 FEET,REFINED,65000.0,NO,NO,NO,NO,YES,YES,NO,NO,NO,NO,NO,NO,NO,NO,NO,NO,NO,NO,NO,YES
23,-151.411369,59.6018310000001,73,ANLTK02025,PETRO MARINE SERVICES,4755 HOMER SPIT ROAD,HOMER,AK,99603,NOT AVAILABLE,(907) 235-8818,MARINE TERMINAL,IN SERVICE,-999,KENAI PENINSULA,2122,USA,59.601831,-151.411369,424710,PETROLEUM BULK STATIONS AND TERMINALS,EIA,2015/07/27 00:00:00+00,OTHER,2019/06/18 00:00:00+00,http://www.petromarineservices.com/,T-91-AK-4514,PETRO 49 INC,NOT AVAILABLE,WITHIN 1 MILE,"REFINED, CHEMICALS",38290.0,YES,YES,NO,NO,YES,YES,NO,NO,NO,YES,YES,YES,YES,NO,NO,NO,YES,YES,YES,NO
24,-166.100955,61.5339540000001,74,ANLTK02026,CROWLEY PETROLEUM DISTRIBUTION,LAGOON RD.,HOOPER BAY,AK,99604,NOT AVAILABLE,(907) 758-4007,BULK TERMINAL,IN SERVICE,-999,KUSILVAK,2158,USA,61.533954,-166.100955,424710,PETROLEUM BULK STATIONS AND TERMINALS,EIA,2015/07/27 00:00:00+00,OTHER,2019/07/01 00:00:00+00,http://www.crowley.com/,T-91-AK-4535,NOT AVAILABLE,CROWLEY FUEL SERVICES,WITHIN 40 FEET,REFINED,9666.67,NO,NO,NO,NO,YES,YES,NO,NO,NO,NO,NO,NO,YES,NO,NO,NO,NO,YES,YES,YES
25,-134.391304,58.2888610000001,75,ANLTK02027,"DELTA WESTERN, INCORPORATED - SITE 2 6092",120 MT. ROBERTS STREET,JUNEAU,AK,99801,NOT AVAILABLE,(907) 586-2800,MARINE TERMINAL,IN SERVICE,-999,JUNEAU,2110,USA,58.288861,-134.391304,424710,PETROLEUM BULK STATIONS AND TERMINALS,EIA,2015/07/27 00:00:00+00,OTHER,2019/06/18 00:00:00+00,http://www.deltawestern.com/,T-91-AK-4524,DELTA WESTERN INC,NOT AVAILABLE,WITHIN 40 FEET,"REFINED, CHEMICALS",100000.0,YES,YES,NO,NO,YES,YES,NO,NO,NO,YES,NO,NO,YES,NOT AVAILABLE,NOT AVAILABLE,NO,YES,NO,YES,NOT AVAILABLE
26,-134.436139,58.299111,76,ANLTK02028,PETRO MARINE SERVICES,3560 NORTH DOUGLAS HIGHWAY,JUNEAU,AK,99801,NOT AVAILABLE,(907) 586-4400,MARINE TERMINAL,IN SERVICE,-999,JUNEAU,2110,USA,58.299111,-134.436139,424710,PETROLEUM BULK STATIONS AND TERMINALS,EIA,2015/07/27 00:00:00+00,OTHER,2019/06/18 00:00:00+00,http://www.petromarineservices.com/,T-91-AK-4515,PETRO 49 INC,NOT AVAILABLE,WITHIN 40 FEET,"REFINED, CHEMICALS",47451.0,YES,YES,NO,NO,YES,YES,NO,NO,NO,YES,YES,YES,YES,NO,NO,NO,YES,YES,YES,YES
27,-134.393403,58.2897370000001,77,ANLTK02029,CROWLEY FUELS LLC,1076 JACOBSON DRIVE,JUNEAU,AK,99801,NOT AVAILABLE,(907) 586-1276,MARINE TERMINAL,IN SERVICE,-999,JUNEAU,2110,USA,58.289737,-134.393403,424710,PETROLEUM BULK STATIONS AND TERMINALS,EIA,2015/07/27 00:00:00+00,OTHER,2019/06/19 00:00:00+00,http://www.crowley.com/,T-91-AK-4575,CPD ALASKA LLC,NOT AVAILABLE,WITHIN 40 FEET,"REFINED, CHEMICALS",59162.0,YES,YES,NO,NO,YES,YES,NO,NO,NO,YES,NO,NO,NO,NO,NO,NO,YES,YES,YES,YES
28,-131.63333,55.3371290000001,78,ANLTK02030,CROWLEY FUELS LLC KETCHIKAN FACILITY,900 STEDMAN STREET,KETCHIKAN,AK,99901,NOT AVAILABLE,(907) 225-2163,MARINE TERMINAL,IN SERVICE,-999,KETCHIKAN GATEWAY,2130,USA,55.337129,-131.63333,424710,PETROLEUM BULK STATIONS AND TERMINALS,EIA,2015/07/27 00:00:00+00,OTHER,2019/06/27 00:00:00+00,http://www.crowley.com/,T-91-AK-4542,NOT AVAILABLE,NOT AVAILABLE,WITHIN 40 FEET,REFINED,23553.83,NO,NO,NO,NO,YES,YES,NO,NO,NO,NO,NO,NO,YES,NO,NO,NO,YES,YES,YES,YES
29,-131.699551,55.358328,79,ANLTK02031,CROWLEY FUELS LLC - TONGASS AVENUE MARINA,4161 TONGASS AVE.,KETCHIKAN,AK,99901,NOT AVAILABLE,(907) 225-1985,MARINE TERMINAL,IN SERVICE,-999,KETCHIKAN,2130,USA,55.358328,-131.699551,424710,PETROLEUM BULK STATIONS AND TERMINALS,EIA,2015/07/27 00:00:00+00,OTHER,2019/07/01 00:00:00+00,http://www.crowley.com/,NONE,CPD ALASKA LLC,NOT AVAILABLE,WITHIN 1 MILE,NOT AVAILABLE,47500.0,NO,NO,NO,NO,YES,YES,NO,NO,NO,NO,NO,NO,NO,NOT AVAILABLE,NOT AVAILABLE,NO,NO,NO,NO,NOT AVAILABLE
30,-131.627709,55.3339560000001,80,ANLTK02032,PETRO MARINE SERVICES - KETCHIKAN TERMINAL NO. 1,1100 STEDMAN STREET,KETCHIKAN,AK,99901,NOT AVAILABLE,(907) 225-2106,MARINE TERMINAL,IN SERVICE,-999,KETCHIKAN GATEWAY,2130,USA,55.333956,-131.627709,424710,PETROLEUM BULK STATIONS AND TERMINALS,EIA,2015/07/27 00:00:00+00,OTHER,2019/06/18 00:00:00+00,http://www.petromarineservices.com/,T-91-AK-4516,PETRO 49 INC,NOT AVAILABLE,WITHIN 40 FEET,"REFINED, CHEMICALS",275343.0,YES,YES,NO,NO,YES,YES,NO,NO,NO,YES,YES,YES,YES,NO,NO,NO,YES,YES,YES,NO
31,-152.424172784,57.785031341,81,ANLTK02033,PETRO STAR INC (DBA NORTH PACIFIC FUEL) - KODIAK,715 SHELIKOF ST.,KODIAK,AK,99615,NOT AVAILABLE,(907) 486-3245,MARINE TERMINAL,IN SERVICE,-999,KODIAK ISLAND,2150,USA,57.785031341,-152.424172784,424710,PETROLEUM BULK STATIONS AND TERMINALS,EIA,2015/07/27 00:00:00+00,OTHER,2019/06/18 00:00:00+00,http://www.petrostar.com,T-91-AK-4506,PETRO STAR INCORPORATED,PETRO STAR INCORPORATED,WITHIN 40 FEET,"REFINED, CHEMICALS",53313.0,YES,YES,NO,NO,YES,YES,NO,NO,NO,YES,NO,NO,YES,NO,NO,NO,NO,YES,YES,NO
32,-152.401894,57.788392,82,ANLTK02034,PETRO MARINE SERVICES,104 E. MARINE WAY,KODIAK,AK,99615,NOT AVAILABLE,(907) 486-3421,MARINE TERMINAL,IN SERVICE,-999,KODIAK ISLAND,2150,USA,57.788392,-152.401894,424710,PETROLEUM BULK STATIONS AND TERMINALS,EIA,2015/07/27 00:00:00+00,OTHER,2019/06/18 00:00:00+00,http://www.petromarineservices.com/,T-91-AK-4517,PETRO 49 INC,NOT AVAILABLE,WITHIN 40 FEET,"REFINED, CHEMICALS",46692.0,YES,YES,NO,NO,YES,YES,NO,NO,NO,YES,YES,YES,YES,NO,NO,NO,YES,YES,YES,YES
33,-162.581425,66.9034760000001,83,ANLTK02035,CROWLEY MARINE SERVICES INCORPORATED,940 3RD STREET,KOTZEBUE,AK,99752,NOT AVAILABLE,(907) 442-3211,MARINE TERMINAL,IN SERVICE,-999,NORTHWEST ARCTIC,2188,USA,66.903476,-162.581425,424710,PETROLEUM BULK STATIONS AND TERMINALS,EIA,2015/07/27 00:00:00+00,OTHER,2018/01/25 00:00:00+00,http://www.crowley.com/,T-91-AK-4546,CPD ALASKA LLC,NOT AVAILABLE,WITHIN 1 MILE,"REFINED, CHEMICALS",146000.0,YES,YES,NO,NO,YES,YES,NO,NO,NO,YES,NO,NO,YES,NOT AVAILABLE,NOT AVAILABLE,NO,YES,YES,YES,YES
34,-164.050232,67.5769690000001,84,ANLTK02036,RED DOG OPERATIONS,RED DOG MINE RD. NEAR THE CHUKCHI SEA,KOTZEBUE,AK,99752,NOT AVAILABLE,(907) 426-2170,MARINE TERMINAL,IN SERVICE,-999,NORTHWEST ARCTIC,2188,USA,67.576969,-164.050232,424710,PETROLEUM BULK STATIONS AND TERMINALS,EIA,2015/07/27 00:00:00+00,OTHER,2019/06/24 00:00:00+00,NOT AVAILABLE,T-91-AK-4576,NOT AVAILABLE,TECK RED DOG OPERATIONS,WITHIN 40 FEET,REFINED,348800.0,YES,YES,NO,NO,YES,YES,NO,NO,NO,NO,NO,NO,YES,NO,NO,NO,NO,NO,YES,NO
35,-149.884698,70.2893270000001,85,ANLTK02037,CONOCOPHILLIPS KUPARUK CENTRAL PROCESSING FACILITY (CPF) 2,NORTHERN SLOPE WEST OF PRUDHOE BAY,KUPARUK,AK,99510,NOT AVAILABLE,NOT AVAILABLE,BREAKOUT TANKS - CRUDE,IN SERVICE,-999,NORTH SLOPE,2185,USA,70.289327,-149.884698,424710,PETROLEUM BULK STATIONS AND TERMINALS,EIA,2015/07/27 00:00:00+00,OTHER,2019/07/01 00:00:00+00,NOT AVAILABLE,NONE,NOT AVAILABLE,NOT AVAILABLE,WITHIN 40 FEET,CRUDE,110000.0,NO,NO,YES,YES,NO,NO,NO,NO,NO,NO,NO,NO,NO,NO,NO,YES,NO,NO,NO,NO
36,-149.603226,70.325136,86,ANLTK02038,CONOCOPHILLIPS KUPARUK CENTRAL PROCESSING FACILITY (CPF) 1,NORTHERN SLOPE WEST OF PRUDHOE BAY,KUPARUK,AK,99510,NOT AVAILABLE,NOT AVAILABLE,REFINERY TERMINAL,IN SERVICE,-999,NORTH SLOPE,2185,USA,70.325136,-149.603226,424710,PETROLEUM BULK STATIONS AND TERMINALS,EIA,2015/07/27 00:00:00+00,OTHER,2019/06/26 00:00:00+00,http://alaska.conocophillips.com/,T-92-AK-4578,CONOCOPHILLIPS ALASKA,NOT AVAILABLE,WITHIN 40 FEET,CRUDE,110000.0,NO,NO,YES,YES,NO,NO,NO,NO,NO,NO,NO,NO,NO,NO,NO,YES,NO,NO,NO,NO
37,-155.588409099,62.9599171460001,87,ANLTK02039,"CROWLEY MARINE SERVICES, INCORPORATED",MELSPELT AVENUE & APPLE STREET,MCGRATH,AK,99627,NOT AVAILABLE,(907) 524-3019,AIRPORT TERMINAL,IN SERVICE,-999,YUKON-KOYUKUK,2290,USA,62.959917146,-155.588409099,424710,PETROLEUM BULK STATIONS AND TERMINALS,EIA,2015/07/27 00:00:00+00,OTHER,2018/01/26 00:00:00+00,http://www.crowley.com/,T-91-AK-4543,CPD ALASKA LLC,NOT AVAILABLE,WITHIN 166 FEET,CHEMICALS,38024.0,YES,YES,NO,NO,YES,YES,NO,NO,NO,YES,NO,NO,NO,NOT AVAILABLE,NOT AVAILABLE,NO,NO,NO,NO,NOT AVAILABLE
38,-157.011642,58.727466,88,ANLTK02040,BRISTOL ALLIANCE FUELS LLC NAKNEK TERMINAL,MILE 0 PENINSULA HIGHWAY,NAKNEK,AK,99633,NOT AVAILABLE,(907) 246-6174,MARINE TERMINAL,IN SERVICE,-999,BRISTOL BAY,2060,USA,58.727466,-157.011642,424710,PETROLEUM BULK STATIONS AND TERMINALS,EIA,2015/07/27 00:00:00+00,OTHER,2019/06/27 00:00:00+00,NOT AVAILABLE,T-91-AK-4527,NOT AVAILABLE,BRISTOL ALLIANCE FUELS LLC,WITHIN 40 FEET,"REFINED, CHEMICALS",37065.31,NO,NO,NO,NO,YES,YES,NO,NO,NO,YES,NO,NO,YES,NO,NO,NO,YES,YES,YES,YES
39,-149.091295,64.5648620000001,89,ANLTK02041,"CROWLEY MARINE SERVICES, INCORPORATED",410 RIVERFRONT,NENANA,AK,99760,NOT AVAILABLE,(907) 832-5505,MARINE TERMINAL,DISMANTLED,-999,YUKON-KOYUKUK,2290,USA,64.564862,-149.091295,424710,PETROLEUM BULK STATIONS AND TERMINALS,EIA,2015/07/27 00:00:00+00,OTHER,2019/06/28 00:00:00+00,http://www.crowley.com/,NONE,CPD ALASKA LLC,NOT AVAILABLE,WITHIN 40 FEET,CHEMICALS,43809.0,YES,YES,NO,NO,YES,YES,NO,NO,NO,YES,NO,NO,NO,NOT AVAILABLE,NOT AVAILABLE,NO,NO,NO,NO,NOT AVAILABLE
40,-151.365406,60.68343,90,ANLTK02042,ANDEAVOR LOGISTICS LP - KENAI REFINERY STORAGE FACILITY AND TRUCK TERMINAL,54741 TESORO ROAD (MILES 21.5 & 22.5 KENAI SPUR HIGHWAY),NIKISKI,AK,99611,NOT AVAILABLE,(907) 776-8191,REFINERY TERMINAL,IN SERVICE,-999,KENAI PENINSULA,2122,USA,60.68343,-151.365406,424710,PETROLEUM BULK STATIONS AND TERMINALS,EIA,2015/07/27 00:00:00+00,OTHER,2019/06/28 00:00:00+00,NOT AVAILABLE,NONE,ANDEAVOR LOGISTICS LP,ANDEAVOR LOGISTICS LP,WITHIN 40 FEET,"CRUDE, REFINED, CHEMICALS",3748962.0,YES,YES,YES,YES,YES,YES,NO,NO,YES,YES,YES,YES,YES,NO,NO,YES,YES,YES,YES,NO
41,-151.386645793,60.688268839,91,ANLTK02043,TESORO ALASKA COMPANY - KENAI PIPE LINE COMPANY,54741 TESORO ROAD (MILE 22.5 KENAI SPUR HIGHWAY),NIKISKI,AK,99611,NOT AVAILABLE,(907) 776-8191,MARINE TERMINAL - CRUDE,IN SERVICE,-999,KENAI PENINSULA,2122,USA,60.688268839,-151.386645793,424710,PETROLEUM BULK STATIONS AND TERMINALS,EIA,2015/07/27 00:00:00+00,OTHER,2019/06/28 00:00:00+00,NOT AVAILABLE,NONE,NOT AVAILABLE,NOT AVAILABLE,WITHIN 40 FEET,CRUDE,926923.0,YES,YES,YES,YES,YES,YES,NO,NO,NO,YES,NO,NO,NO,NO,NO,YES,NO,NO,NO,NO
42,-151.309482,60.739269,92,ANLTK02044,NIKISKI FUEL LLC,52505 NIKISKI BEACH ROAD,NIKISKI,AK,99611,NOT AVAILABLE,(907) 776-8191,MARINE TERMINAL,IN SERVICE,-999,KENAI PENINSULA,2122,USA,60.739269,-151.309482,424710,PETROLEUM BULK STATIONS AND TERMINALS,EIA,2015/07/27 00:00:00+00,OTHER,2019/06/28 00:00:00+00,NOT AVAILABLE,T-91-AK-4521,NIKISKI FUEL LLC,NIKISKI FUEL LLC,WITHIN 40 FEET,"REFINED, CHEMICALS",40372.0,YES,YES,NO,NO,YES,YES,NO,NO,NO,YES,NO,NO,YES,NO,NO,NO,NO,NO,YES,NO
43,-165.436487,64.503408,93,ANLTK02045,BONANZA FUEL INCORPORATED,PORT OF NOME,NOME,AK,99762,NOT AVAILABLE,(907) 387-1200,BULK TERMINAL,IN SERVICE,-999,NOME,2180,USA,64.503408,-165.436487,424710,PETROLEUM BULK STATIONS AND TERMINALS,EIA,2015/07/27 00:00:00+00,OTHER,2019/06/18 00:00:00+00,NOT AVAILABLE,T-91-AK-4531,BONANZA FUEL INC,NOT AVAILABLE,WITHIN 40 FEET,"REFINED, CHEMICALS",143161.0,YES,YES,NO,NO,NO,NO,NO,NO,NO,YES,YES,YES,YES,NO,NO,NO,YES,YES,YES,NO
44,-165.439724,64.5027220000001,94,ANLTK02046,CITY OF NOME,WINTER TRAIL & WK ST.,NOME,AK,99762,NOT AVAILABLE,(907) 443-6663,MARINE TERMINAL,IN SERVICE,-999,NOME,2180,USA,64.502722,-165.439724,424710,PETROLEUM BULK STATIONS AND TERMINALS,EIA,2015/07/27 00:00:00+00,OTHER,2019/06/28 00:00:00+00,NOT AVAILABLE,NONE,NOT AVAILABLE,NOT AVAILABLE,WITHIN 40 FEET,NOT AVAILABLE,76000.0,NO,NO,NO,NO,YES,YES,NO,NO,NO,NO,NO,NO,NO,NOT AVAILABLE,NOT AVAILABLE,NO,NO,NO,NO,NOT AVAILABLE
45,-165.416994,64.5009880000001,95,ANLTK02047,CROWLEY MARINE SERVICES INCORPORATED,316 WEST 1ST STREET,NOME,AK,99762,NOT AVAILABLE,(907) 443-2219,MARINE TERMINAL,IN SERVICE,-999,NOME,2180,USA,64.500988,-165.416994,424710,PETROLEUM BULK STATIONS AND TERMINALS,EIA,2015/07/27 00:00:00+00,OTHER,2018/01/25 00:00:00+00,NOT AVAILABLE,T-91-AK-4547,CPD ALASKA LLC,NOT AVAILABLE,WITHIN 40 FEET,"REFINED, CHEMICALS",120000.0,YES,YES,NO,NO,YES,YES,NO,NO,NO,YES,NO,NO,YES,NOT AVAILABLE,NOT AVAILABLE,NO,YES,YES,YES,YES
46,-165.438075,64.502801,96,ANLTK02048,CROWLEY MARINE SERVICES INCORPORATED,221 NORTH AIRPORT DRIVE,NOME,AK,99762,NOT AVAILABLE,(907) 443-6680,MARINE TERMINAL,IN SERVICE,-999,NOME,2180,USA,64.502801,-165.438075,424710,PETROLEUM BULK STATIONS AND TERMINALS,EIA,2015/07/27 00:00:00+00,OTHER,2019/06/18 00:00:00+00,NOT AVAILABLE,NONE,NOT AVAILABLE,NOT AVAILABLE,WITHIN 40 FEET,"REFINED, CHEMICALS",152000.0,YES,YES,NO,NO,YES,YES,NO,NO,NO,YES,NO,NO,YES,NOT AVAILABLE,NOT AVAILABLE,NO,YES,YES,YES,NOT AVAILABLE
47,-147.349072,64.737916,97,ANLTK02049,FLINT HILLS RESOURCES L.P. - NORTH POLE TERMINAL,1150 H AND H LANE,NORTH POLE,AK,99705,NOT AVAILABLE,(907) 488-2741,BULK TERMINAL,IN SERVICE,-999,FAIRBANKS NORTH STAR,2090,USA,64.737916,-147.349072,424710,PETROLEUM BULK STATIONS AND TERMINALS,EIA,2015/07/27 00:00:00+00,OTHER,2019/06/21 00:00:00+00,http://www.fhr.com,T-92-AK-4503,FLINT HILLS RESOURCES LP,FLINT HILLS RESOURCES ALASKA LLC,WITHIN 40 FEET,"REFINED, CHEMICALS",395334.0,YES,YES,YES,YES,YES,YES,YES,YES,NO,YES,NO,NO,YES,NO,NO,NO,YES,YES,YES,NO
48,-147.347781,64.733525,98,ANLTK02050,PETRO STAR INCORPORATED,1200 H AND H LANE,NORTH POLE,AK,99705,NOT AVAILABLE,(907) 488-1288,REFINERY TERMINAL,IN SERVICE,-999,FAIRBANKS NORTH STAR,2090,USA,64.733525,-147.347781,424710,PETROLEUM BULK STATIONS AND TERMINALS,EIA,2015/07/27 00:00:00+00,OTHER,2019/06/21 00:00:00+00,http://www.petrostar.com,T-91-AK-4580,NOT AVAILABLE,NOT AVAILABLE,WITHIN 40 FEET,"CRUDE, REFINED, ASPHALT",110069.0,NO,NO,NO,NO,YES,YES,NO,NO,YES,NO,NO,NO,YES,NO,NO,YES,YES,NO,YES,NO
49,-132.97191,56.8074120000001,99,ANLTK02051,PETRO MARINE SERVICES,901 SOUTH NORDIC DRIVE,PETERSBURG,AK,99833,NOT AVAILABLE,(907) 772-4251,MARINE TERMINAL,IN SERVICE,-999,PETERSBURG,2195,USA,56.807412,-132.97191,424710,PETROLEUM BULK STATIONS AND TERMINALS,EIA,2015/07/27 00:00:00+00,OTHER,2019/06/18 00:00:00+00,http://www.petromarineservices.com/,T-91-AK-4518,PETRO 49 INC,NOT AVAILABLE,WITHIN 40 FEET,"REFINED, CHEMICALS",25857.0,YES,YES,NO,NO,YES,YES,NO,NO,NO,YES,YES,YES,YES,NO,NO,NO,YES,YES,YES,YES
50,-148.618816,70.2573530000001,100,ANLTK02052,ALYESKA PIPELINE SERVICE COMPANY - STATION NO. 1,SPINE RD.,PRUDHOE BAY,AK,99519,NOT AVAILABLE,(907) 265-8197,BREAKOUT TANKS - CRUDE,IN SERVICE,-999,NORTH SLOPE,2185,USA,70.257353,-148.618816,424710,PETROLEUM BULK STATIONS AND TERMINALS,EIA,2015/07/27 00:00:00+00,OTHER,2019/07/01 00:00:00+00,https://www.alyeska-pipe.com/,NONE,NOT AVAILABLE,NOT AVAILABLE,WITHIN 1 MILE,CRUDE,420000.0,NO,NO,YES,YES,NO,NO,NO,NO,NO,NO,NO,NO,NO,NO,NO,YES,NO,NO,NO,NO
51,-148.831671,68.8418710000001,101,ANLTK02053,ALYESKA PIPELINE SERVICE COMPANY - STATION NO. 3,NORTH SLOPE HAUL RD.,PRUDHOE BAY,AK,99519,NOT AVAILABLE,(907) 456-9717,BREAKOUT TANKS - CRUDE,IN SERVICE,-999,NORTH SLOPE,2185,USA,68.841871,-148.831671,424710,PETROLEUM BULK STATIONS AND TERMINALS,EIA,2015/07/27 00:00:00+00,OTHER,2019/07/01 00:00:00+00,http://www.alyeska-pipe.com/,NONE,NOT AVAILABLE,NOT AVAILABLE,WITHIN 1 MILE,CRUDE,81203.0,YES,YES,YES,YES,NO,NO,NO,NO,NO,NO,NO,NO,NO,NO,NO,YES,NO,NO,NO,NO
52,-148.350037,70.2544090000001,102,ANLTK02054,BP EXPLORATION ALASKA - REFINERY,SPINE RD.,PRUDHOE BAY,AK,99510,NOT AVAILABLE,(907) 659-2821,REFINERY TERMINAL,IN SERVICE,-999,NORTH SLOPE,2185,USA,70.254409,-148.350037,424710,PETROLEUM BULK STATIONS AND TERMINALS,EIA,2015/07/27 00:00:00+00,OTHER,2019/07/02 00:00:00+00,NOT AVAILABLE,NONE,NOT AVAILABLE,BP EXPLORATION ALASKA,WITHIN 40 FEET,"CRUDE, REFINED",38350.0,YES,YES,YES,YES,NO,NO,NO,NO,NO,NO,NO,NO,YES,NO,NO,YES,NO,NO,YES,NO
53,-163.188225,62.04873,103,ANLTK02056,CROWLEY FUELS LLC - ST. MARY'S BULK FUEL STORAGE FACILITY,AIRPORT ROAD - PO BOX 174,SAINT MARYS,AK,99658,NOT AVAILABLE,(907) 438-2554,BULK TERMINAL,IN SERVICE,-999,KUSILVAK,2158,USA,62.04873,-163.188225,424710,PETROLEUM BULK STATIONS AND TERMINALS,EIA,2015/07/27 00:00:00+00,OTHER,2019/06/19 00:00:00+00,http://www.crowley.com/,T-91-AK-4534,CPD ALASKA LLC,NOT AVAILABLE,WITHIN 40 FEET,"REFINED, CHEMICALS",12079.0,YES,YES,NO,NO,YES,YES,NO,NO,NO,YES,NO,NO,YES,NO,NO,NO,YES,YES,YES,YES
54,-162.007373,63.484225,104,ANLTK02057,"CROWLEY MARINE SERVICES, INCORPORATED",1 MILE EAST OF TOWN ON A GRAVEL ROAD AT THE END OF A SPIT,SAINT MICHAEL,AK,99659,NOT AVAILABLE,(907) 923-3271,BULK TERMINAL,NOT IN USE,-999,NOME,2180,USA,63.484225,-162.007373,424710,PETROLEUM BULK STATIONS AND TERMINALS,EIA,2015/07/27 00:00:00+00,OTHER,2019/07/01 00:00:00+00,http://www.crowley.com/,T-91-AK-4539,NOT AVAILABLE,NOT AVAILABLE,WITHIN 1 MILE,CHEMICALS,70714.0,YES,YES,NO,NO,YES,YES,NO,NO,NO,YES,NO,NO,NO,NOT AVAILABLE,NOT AVAILABLE,NO,NO,NO,NO,NOT AVAILABLE
55,-151.716246,59.440258,105,ANLTK02058,SELDOVIA FUEL & LUBE,319 MAIN STREET,SELDOVIA,AK,99663,NOT AVAILABLE,(907) 234-7622,MARINE TERMINAL,IN SERVICE,-999,KENAI PENINSULA,2122,USA,59.440258,-151.716246,424710,PETROLEUM BULK STATIONS AND TERMINALS,EIA,2015/07/27 00:00:00+00,OTHER,2019/06/19 00:00:00+00,NOT AVAILABLE,T-91-AK-4545,NOT AVAILABLE,NOT AVAILABLE,WITHIN 40 FEET,CHEMICALS,40000.0,NO,NO,NO,NO,YES,YES,NO,NO,NO,YES,NO,NO,NO,NOT AVAILABLE,NOT AVAILABLE,NO,NO,NO,NO,NOT AVAILABLE
56,-135.348926,57.0554440000001,106,ANLTK02059,PETRO MARINE SERVICES NO. 2 (NORTH PLANT),613 KAITLIAN STREET,SITKA,AK,99835,NOT AVAILABLE,(907) 747-8460,MARINE TERMINAL,IN SERVICE,-999,SITKA,2220,USA,57.055444,-135.348926,424710,PETROLEUM BULK STATIONS AND TERMINALS,EIA,2015/07/27 00:00:00+00,OTHER,2019/06/18 00:00:00+00,http://www.petromarineservices.com/,NONE,PETRO 49 INC,NOT AVAILABLE,WITHIN 40 FEET,REFINED,20316.0,YES,YES,NO,NO,YES,YES,NO,NO,NO,NO,NO,NO,NO,NO,NO,NO,YES,YES,YES,NO
57,-135.340068,57.048614,107,ANLTK02060,PETRO MARINE SERVICES NO. 1 (SOUTH PLANT),1 LINCOLN STREET,SITKA,AK,99835,NOT AVAILABLE,(907) 747-3414,MARINE TERMINAL,IN SERVICE,-999,SITKA,2220,USA,57.048614,-135.340068,424710,PETROLEUM BULK STATIONS AND TERMINALS,EIA,2015/07/27 00:00:00+00,OTHER,2019/06/18 00:00:00+00,http://www.petromarineservices.com/,T-91-AK-4519,PETRO 49 INC,NOT AVAILABLE,WITHIN 40 FEET,"REFINED, CHEMICALS",20768.0,NO,NO,NO,NO,YES,YES,NO,NO,NO,YES,NO,NO,YES,NO,NO,NO,YES,YES,YES,YES
58,-135.326741,59.4529640000001,108,ANLTK02061,PETRO MARINE SERVICES,10 BEACH ROAD,SKAGWAY,AK,99840,NOT AVAILABLE,(907) 983-2259,MARINE TERMINAL,IN SERVICE,-999,SKAGWAY,2230,USA,59.452964,-135.326741,424710,PETROLEUM BULK STATIONS AND TERMINALS,EIA,2015/07/27 00:00:00+00,OTHER,2019/06/19 00:00:00+00,http://www.petromarineservices.com/,T-91-AK-4574,PETRO 49 INC,NOT AVAILABLE,WITHIN 40 FEET,"REFINED, CHEMICALS",115000.0,YES,YES,NO,NO,YES,YES,NO,NO,NO,YES,YES,YES,YES,NO,NO,NO,NO,YES,YES,NO
59,-169.671151,56.5724014350001,109,ANLTK02062,DELTA WESTERN,HARBOR VIEW DR. & MALAVANIAKY DR.,ST. GEORGE,AK,99591,NOT AVAILABLE,(907) 859-2456,MARINE TERMINAL,IN SERVICE,-999,ALEUTIANS WEST,2016,USA,56.572401435,-169.671151,424710,PETROLEUM BULK STATIONS AND TERMINALS,EIA,2015/07/27 00:00:00+00,OTHER,2019/06/19 00:00:00+00,http://www.deltawestern.com/,T-91-AK-4533,ST GEORGE DELTA FUEL CO,NOT AVAILABLE,WITHIN 40 FEET,"REFINED, CHEMICALS",100000.0,NO,NO,NO,NO,YES,YES,NO,NO,NO,YES,NO,NO,NO,NO,NO,NO,YES,YES,YES,NO
60,-170.283283,57.123117,110,ANLTK02063,ST. PAUL FUEL LLC BULK FUEL FACILITY - MAIN TANK FARM,300 HARBOR BOULEVARD,ST. PAUL ISLAND,AK,99660,NOT AVAILABLE,(907) 546-3145,MARINE TERMINAL,IN SERVICE,-999,ALEUTIANS WEST,2016,USA,57.123117,-170.283283,424710,PETROLEUM BULK STATIONS AND TERMINALS,EIA,2015/07/27 00:00:00+00,OTHER,2018/09/28 00:00:00+00,NOT AVAILABLE,NONE,ST PAUL DELTA FUEL CO,NOT AVAILABLE,WITHIN 40 FEET,REFINED,23809.52,YES,YES,NO,NO,YES,YES,NO,NO,NO,NO,NO,NO,YES,NO,NO,NO,NO,NO,YES,NO
61,-166.578366,53.846057,111,ANLTK02065,"OFFSHORE SYSTEMS, INCORPORATED (ALEUTIAN FUEL SERVICES)",MILE 4 CAPTAINS BAY RD.,UNALASKA,AK,99685,NOT AVAILABLE,(907) 581-1827,MARINE TERMINAL,IN SERVICE,-999,ALEUTIANS WEST,2016,USA,53.846057,-166.578366,424710,PETROLEUM BULK STATIONS AND TERMINALS,EIA,2015/07/27 00:00:00+00,OTHER,2018/09/27 00:00:00+00,http://www.offshoresystemsinc.com/,T-91-AK-4522,PETROLEUM STAR INC,NOT AVAILABLE,WITHIN 40 FEET,"REFINED, CHEMICALS",114070.0,NO,NO,NO,NO,YES,YES,NO,NO,NO,YES,NO,NO,YES,NO,NO,NO,NO,NO,YES,NO
62,-166.551321,53.858077,112,ANLTK02066,PETRO STAR INCORPORATED - NORTH PACIFIC FUEL WESTWARD SEAFOODS TERMINAL,1200 CAPTAINS BAY ROAD,UNALASKA,AK,99685,NOT AVAILABLE,(907) 581-1350,MARINE TERMINAL,IN SERVICE,-999,ALEUTIANS WEST,2016,USA,53.858077,-166.551321,424710,PETROLEUM BULK STATIONS AND TERMINALS,EIA,2015/07/27 00:00:00+00,OTHER,2018/09/27 00:00:00+00,NOT AVAILABLE,T-91-AK-4509,PETROLEUM STAR INC,NOT AVAILABLE,WITHIN 40 FEET,REFINED,24378.0,NO,NO,NO,NO,YES,YES,NO,NO,NO,NO,NO,NO,YES,NO,NO,NO,NO,NO,YES,NO
63,-166.569284,53.851502,113,ANLTK02067,PETRO STAR INCORPORATED - NORTH PACIFIC FUEL CAPTAINS BAY TANK FARM,2158 CAPTAINS BAY RD.,UNALASKA,AK,99685,NOT AVAILABLE,(907) 581-1350,MARINE TERMINAL,IN SERVICE,-999,ALEUTIANS WEST,2016,USA,53.851502,-166.569284,424710,PETROLEUM BULK STATIONS AND TERMINALS,EIA,2015/07/27 00:00:00+00,OTHER,2018/09/27 00:00:00+00,NOT AVAILABLE,T-91-AK-4508,PETROLEUM STAR INC,NOT AVAILABLE,WITHIN 40 FEET,REFINED,60000.0,NO,NO,NO,NO,YES,YES,NO,NO,NO,NO,NO,NO,YES,NO,NO,NO,NO,NO,YES,NO
64,-166.508531,53.9127260000001,114,ANLTK02068,PETRO STAR INCORPORATED - NORTH PACIFIC FUEL RESOFF TANK FARM,1787 BALLYHOO ROAD,UNALASKA,AK,99685,NOT AVAILABLE,(907) 581-1350,MARINE TERMINAL,IN SERVICE,-999,ALEUTIANS WEST,2016,USA,53.912726,-166.508531,424710,PETROLEUM BULK STATIONS AND TERMINALS,EIA,2015/07/27 00:00:00+00,OTHER,2018/09/27 00:00:00+00,NOT AVAILABLE,T-91-AK-4511,PETROLEUM STAR INC,NORTH PACIFIC FUEL,WITHIN 40 FEET,"REFINED, CHEMICALS",63359.0,NO,NO,NO,NO,YES,YES,NO,NO,NO,YES,NO,NO,YES,NO,NO,NO,NO,NO,NO,NOT AVAILABLE
65,-146.380966,61.083173,115,ANLTK02069,ALYESKA PIPELINE SERVICE COMPANY,300 DAYVILLE RD.,VALDEZ,AK,99686,NOT AVAILABLE,(907) 834-6620,MARINE TERMINAL - CRUDE,IN SERVICE,-999,VALDEZ-CORDOVA,2261,USA,61.083173,-146.380966,424710,PETROLEUM BULK STATIONS AND TERMINALS,EIA,2015/07/27 00:00:00+00,OTHER,2019/07/03 00:00:00+00,NOT AVAILABLE,NONE,NOT AVAILABLE,NOT AVAILABLE,WITHIN 40 FEET,"CRUDE, REFINED",9978463.43,NO,NO,YES,YES,YES,YES,NO,NO,NO,NO,NO,NO,YES,NO,NO,YES,NO,YES,YES,NO
66,-146.363821,61.129042,116,ANLTK02070,PETRO STAR INCORPORATED,402 WEST EGAN,VALDEZ,AK,99686,NOT AVAILABLE,(907) 835-8850,MARINE TERMINAL,IN SERVICE,-999,VALDEZ-CORDOVA,2261,USA,61.129042,-146.363821,424710,PETROLEUM BULK STATIONS AND TERMINALS,EIA,2015/07/27 00:00:00+00,OTHER,2019/06/18 00:00:00+00,http://www.petrostar.com,T-91-AK-4507,PETROLEUM STAR INC,NOT AVAILABLE,WITHIN 40 FEET,REFINED,275000.0,NO,NO,NO,NO,YES,YES,NO,NO,NO,NO,NO,NO,NO,NO,NO,NO,YES,YES,YES,NO
67,-132.384131,56.4639240000001,117,ANLTK02071,"DELTA WESTERN, INCORPORATED - SITE 6",1417 PENINSULA STREET,WRANGELL,AK,99929,NOT AVAILABLE,(907) 874-2388,MARINE TERMINAL,NOT IN USE,-999,WRANGELL,2275,USA,56.463924,-132.384131,424710,PETROLEUM BULK STATIONS AND TERMINALS,EIA,2015/07/27 00:00:00+00,OTHER,2019/09/05 00:00:00+00,http://www.deltawestern.com/,T-91-AK-4529,DELTA WESTERN INC,NOT AVAILABLE,WITHIN 40 FEET,CHEMICALS,10700.0,NO,NO,NO,NO,YES,YES,NO,NO,NO,YES,NO,NO,NO,NOT AVAILABLE,NOT AVAILABLE,NO,NO,NO,NO,NOT AVAILABLE
68,-132.38429,56.464205,118,ANLTK02072,PETRO 49 INC - WRANGELL,1427 PENINSULA ST.,WRANGELL,AK,99929,NOT AVAILABLE,(907) 874-3276,MARINE TERMINAL,IN SERVICE,-999,WRANGELL,2275,USA,56.464205,-132.38429,424710,PETROLEUM BULK STATIONS AND TERMINALS,EIA,2015/07/27 00:00:00+00,OTHER,2019/07/01 00:00:00+00,http://www.petromarineservices.com/,T-91-AK-4583,PETRO 49 INC,PETRO MARINE SERVICES,WITHIN 40 FEET,REFINED,5950.0,NO,NO,NO,NO,YES,YES,NO,NO,NO,NO,NO,NO,YES,NOT AVAILABLE,NOT AVAILABLE,NO,YES,NO,NO,YES
69,-149.433533946,60.122352289,119,ANLTK02073,SHORESIDE PETROLEUM INCORPORATED - SEWARD TERMINAL,700 PORT AVE,SEWARD,AK,99664,NOT AVAILABLE,(907) 224-8040,MARINE TERMINAL,IN SERVICE,-999,KENAI PENINSULA,2122,USA,60.122352289,-149.433533946,424710,PETROLEUM BULK STATIONS AND TERMINALS,EIA,2015/07/27 00:00:00+00,OTHER,2019/06/27 00:00:00+00,http://www.shoresidepetroleum.com,T-92-AK-4581,NOT AVAILABLE,SHORESIDE PETROLEUM INCORPORATED,WITHIN 40 FEET,REFINED,3530.19,YES,YES,YES,YES,YES,NO,YES,NO,NO,NO,YES,NO,YES,NO,NO,NO,YES,YES,YES,NO
70,-162.715812845,55.201454078,120,ANLTK02074,FROSTY FUELS COLD BAY,1 REEVE AVE,COLD BAY,AK,99571,NOT AVAILABLE,(907) 532-2467,BULK TERMINAL,IN SERVICE,-999,ALEUTIANS EAST,2013,USA,55.201454078,-162.715812845,424710,PETROLEUM BULK STATIONS AND TERMINALS,EIA,2015/07/27 00:00:00+00,OTHER,2018/08/21 00:00:00+00,NOT AVAILABLE,T-91-AK-4578,"ALEUT ENTERPRISE, LLC",FROSTY FUELS LLC,WITHIN 40 FEET,REFINED,12750.0,NO,YES,YES,NO,YES,NO,NO,NO,NO,NO,NO,NO,YES,NO,NO,NO,YES,YES,YES,YES
71,-139.733009,59.5448190000001,123,ANLTK02077,DELTA WESTERN INCORPORATED - YAKUTAT BULK PLANT,742 OCEAN CAPE ROAD,YAKUTAT,AK,99689,NOT AVAILABLE,(907) 784-3311,BULK TERMINAL,IN SERVICE,-999,YAKUTAT,2282,USA,59.544819,-139.733009,424710,PETROLEUM BULK STATIONS AND TERMINALS,EIA,2015/07/27 00:00:00+00,OTHER,2019/07/02 00:00:00+00,http://www.deltawestern.com/,NONE,DELTA WESTERN INCORPORATED,NOT AVAILABLE,WITHIN 40 FEET,REFINED,24645.0,NO,YES,NO,NO,YES,YES,NO,NO,NO,NO,YES,NO,YES,NO,NO,NO,YES,YES,YES,YES
72,-134.488824,58.36224,124,ANLTK02078,JUNEAU AIRPORT FUELING FACILITY,2085 ALEX HOLDEN WAY,JUNEAU,AK,99801,NOT AVAILABLE,NOT AVAILABLE,AIRPORT,IN SERVICE,-999,JUNEAU,2111,USA,58.36224,-134.488824,424710,PETROLEUM BULK STATIONS AND TERMINALS,AIRNAV,2017/10/20 00:00:00+00,OTHER,2017/10/20 00:00:00+00,http://www.juneau.org/,NONE,CITY AND BOROUGH OF JUNEAU,NOT AVAILABLE,WITHIN 40 FEET,REFINED,4119.0,YES,NO,NOT AVAILABLE,NO,NO,NO,NO,NO,NO,NO,NO,NO,YES,NO,NO,NO,YES,NO,NO,YES
